parent,child,relationshiptype
Root,Node_0,star
Node_0,Node_22,A
Node_0,Node_10,A
Node_0,Node_93,A
Node_1,Node_74,A
Node_1,Node_43,A
Node_2,Node_23,R
Node_2,Node_50,R
Node_2,Node_88,M
Node_2,Node_4,M
Node_2,Node_17,O
Root,Node_3,star
Node_3,Node_70,O
Node_4,Node_16,R
Node_4,Node_95,O
Root,Node_5,star
Node_5,Node_68,M
Node_5,Node_92,M
Node_6,Node_57,A
Root,Node_7,star
Node_7,Node_21,M
Node_7,Node_32,M
Node_8,Node_81,M
Node_9,Node_85,E
Node_9,Node_15,E
Node_9,Node_33,O
Node_9,Node_64,R
Node_10,Node_54,A
Root,Node_11,star
Node_11,Node_13,star
Node_12,Node_39,M
Node_12,Node_65,M
Node_13,Node_19,star
Node_15,Node_51,E
Node_15,Node_91,O
Node_15,Node_28,R
Node_16,Node_27,A
Node_17,Node_44,O
Node_18,Node_31,R
Node_18,Node_24,O
Node_19,Node_67,E
Node_20,Node_48,M
Node_21,Node_96,E
Node_23,Node_76,R
Node_24,Node_59,O
Node_25,Node_40,O
Node_30,Node_98,O
Node_31,Node_34,M
Node_32,Node_73,A
Node_32,Node_90,A
Node_34,Node_82,M
Root,Node_35,star
Node_35,Node_49,R
Node_36,Node_83,O
Node_39,Node_71,E
Node_43,Node_46,M
Node_47,Node_99,E
