parent,child,relationshiptype
Root,Node_0,star
Node_0,Node_132,E
Node_0,Node_278,E
Node_0,Node_137,E
Node_0,Node_294,M
Node_0,Node_217,M
Node_0,Node_287,O
Node_0,Node_482,O
Node_1,Node_350,A
Node_1,Node_178,A
Node_2,Node_422,O
Node_2,Node_332,O
Node_3,Node_169,A
Node_3,Node_231,A
Root,Node_4,star
Node_4,Node_485,O
Node_5,Node_352,star
Node_5,Node_466,star
Node_6,Node_109,E
Node_6,Node_239,E
Node_6,Node_68,E
Node_6,Node_421,M
Node_6,Node_305,M
Node_6,Node_34,O
Node_6,Node_357,O
Node_7,Node_191,M
Node_7,Node_442,M
Node_8,Node_254,O
Node_9,Node_176,R
Node_9,Node_274,R
Node_9,Node_275,R
Node_9,Node_480,M
Node_9,Node_159,O
Node_9,Node_161,O
Node_10,Node_199,E
Node_10,Node_99,E
Node_10,Node_44,M
Node_10,Node_494,O
Node_10,Node_454,O
Node_11,Node_240,E
Node_11,Node_368,E
Node_11,Node_50,O
Node_11,Node_385,O
Node_12,Node_331,E
Node_12,Node_314,E
Node_12,Node_490,O
Node_12,Node_453,O
Node_13,Node_403,M
Node_13,Node_406,M
Root,Node_14,star
Node_14,Node_92,E
Node_14,Node_317,E
Node_14,Node_251,star
Node_15,Node_489,A
Node_15,Node_148,A
Node_16,Node_235,E
Node_16,Node_384,M
Node_16,Node_154,A
Node_17,Node_166,O
Root,Node_18,star
Node_18,Node_249,R
Node_18,Node_354,R
Node_18,Node_356,O
Node_18,Node_321,O
Node_18,Node_390,E
Root,Node_19,star
Node_19,Node_437,star
Node_19,Node_39,star
Node_20,Node_269,star
Node_21,Node_272,E
Node_21,Node_232,E
Node_21,Node_175,M
Node_21,Node_101,M
Node_22,Node_445,E
Node_22,Node_488,A
Node_22,Node_207,A
Root,Node_23,star
Node_23,Node_206,A
Node_24,Node_188,O
Node_24,Node_162,O
Node_24,Node_119,O
Root,Node_25,star
Node_25,Node_62,O
Node_26,Node_183,E
Node_26,Node_36,E
Node_26,Node_222,E
Node_26,Node_266,M
Node_26,Node_95,O
Node_27,Node_117,M
Node_28,Node_91,star
Node_29,Node_67,R
Node_29,Node_120,M
Node_29,Node_202,A
Node_30,Node_298,A
Node_31,Node_474,star
Node_32,Node_195,star
Root,Node_33,star
Node_33,Node_79,E
Node_33,Node_324,A
Node_34,Node_172,M
Node_35,Node_366,A
Node_35,Node_383,A
Node_36,Node_37,R
Node_36,Node_106,R
Node_36,Node_463,R
Node_36,Node_399,M
Node_36,Node_429,M
Node_36,Node_218,A
Node_37,Node_102,O
Node_38,Node_271,E
Node_38,Node_45,E
Node_39,Node_138,O
Node_40,Node_409,M
Node_41,Node_326,A
Node_42,Node_158,M
Node_43,Node_150,M
Node_44,Node_267,R
Node_45,Node_327,E
Node_45,Node_182,E
Node_45,Node_242,M
Node_45,Node_478,O
Node_45,Node_393,O
Node_46,Node_84,R
Node_46,Node_238,star
Node_47,Node_130,M
Node_48,Node_492,star
Node_48,Node_128,star
Node_49,Node_82,A
Node_50,Node_363,M
Root,Node_51,star
Node_51,Node_258,star
Node_51,Node_234,star
Node_51,Node_263,star
Node_52,Node_496,M
Node_53,Node_186,M
Node_54,Node_472,M
Node_55,Node_255,E
Node_56,Node_229,O
Node_57,Node_358,M
Node_58,Node_446,M
Node_59,Node_61,star
Node_59,Node_118,star
Node_60,Node_302,E
Node_62,Node_395,star
Node_63,Node_212,M
Node_64,Node_153,M
Node_65,Node_469,A
Node_66,Node_416,E
Node_66,Node_338,M
Node_66,Node_151,O
Node_66,Node_71,O
Node_67,Node_303,R
Node_69,Node_86,O
Node_69,Node_392,O
Root,Node_70,star
Node_71,Node_456,star
Node_72,Node_174,O
Root,Node_73,star
Node_73,Node_185,M
Node_74,Node_116,O
Node_76,Node_427,star
Node_77,Node_289,M
Node_79,Node_179,O
Node_80,Node_465,O
Node_81,Node_388,E
Node_81,Node_471,O
Node_82,Node_389,O
Node_83,Node_144,R
Node_83,Node_268,E
Node_84,Node_104,M
Node_85,Node_146,A
Node_86,Node_261,A
Node_87,Node_343,O
Node_88,Node_405,A
Node_90,Node_265,star
Node_91,Node_123,M
Node_93,Node_149,R
Node_94,Node_382,A
Node_96,Node_373,A
Node_97,Node_214,R
Node_97,Node_449,O
Node_98,Node_360,A
Node_99,Node_264,A
Node_101,Node_346,A
Node_104,Node_451,O
Node_109,Node_253,star
Node_110,Node_135,M
Node_110,Node_342,M
Root,Node_111,star
Node_112,Node_372,A
Node_113,Node_426,R
Node_114,Node_262,star
Node_115,Node_181,A
Node_116,Node_320,E
Node_116,Node_370,star
Node_118,Node_288,M
Node_119,Node_180,star
Node_122,Node_413,A
Root,Node_125,star
Node_126,Node_419,star
Node_129,Node_190,O
Node_130,Node_285,star
Node_131,Node_227,A
Node_132,Node_157,O
Node_138,Node_484,M
Node_141,Node_458,star
Node_143,Node_414,R
Node_144,Node_310,M
Node_145,Node_221,star
Node_147,Node_328,O
Node_148,Node_452,star
Node_157,Node_431,O
Node_161,Node_177,E
Node_165,Node_209,M
Node_173,Node_308,M
Node_175,Node_259,A
Node_179,Node_371,E
Node_180,Node_444,M
Node_187,Node_374,star
Node_188,Node_464,R
Node_192,Node_260,A
Root,Node_193,star
Node_193,Node_196,A
Node_194,Node_408,star
Node_195,Node_394,E
Node_196,Node_391,R
Node_199,Node_433,E
Node_202,Node_398,O
Node_207,Node_443,star
Node_208,Node_316,star
Node_214,Node_243,R
Node_215,Node_216,M
Node_220,Node_293,M
Node_222,Node_349,O
Root,Node_225,star
Node_226,Node_460,E
Node_227,Node_498,E
Node_228,Node_441,M
Node_231,Node_497,M
Node_238,Node_455,O
Node_243,Node_495,O
Node_253,Node_379,star
Node_260,Node_280,E
Node_266,Node_330,star
Root,Node_279,star
Root,Node_281,star
Node_299,Node_347,O
Node_330,Node_450,R
Node_372,Node_375,E
