parent,child,relationshiptype
Root,Node_0,O
Node_0,Node_1705,E
Node_0,Node_1210,E
Node_0,Node_236,M
Node_0,Node_1595,A
Node_0,Node_135,A
Root,Node_1,O
Node_1,Node_1008,E
Node_1,Node_457,E
Node_1,Node_248,M
Node_1,Node_632,O
Node_2,Node_155,R
Node_2,Node_1412,M
Node_2,Node_229,M
Node_2,Node_760,O
Node_2,Node_845,O
Node_3,Node_844,M
Node_3,Node_1329,M
Node_4,Node_99,E
Node_4,Node_1192,O
Node_4,Node_1818,R
Root,Node_5,O
Node_5,Node_1328,star
Node_6,Node_579,R
Node_6,Node_993,R
Node_6,Node_195,M
Node_6,Node_1774,A
Node_6,Node_379,A
Root,Node_7,O
Node_7,Node_1561,M
Node_7,Node_462,M
Root,Node_8,O
Node_8,Node_1014,A
Node_8,Node_1133,A
Node_8,Node_888,A
Root,Node_9,O
Node_9,Node_1855,star
Root,Node_10,O
Node_10,Node_1324,E
Node_10,Node_1794,E
Node_10,Node_1415,M
Node_10,Node_1144,M
Node_10,Node_450,O
Node_10,Node_170,O
Node_11,Node_1317,star
Node_11,Node_1993,star
Node_12,Node_1166,M
Node_13,Node_1805,star
Node_14,Node_1933,R
Node_14,Node_1261,R
Node_14,Node_203,R
Node_14,Node_1035,M
Node_14,Node_544,O
Node_15,Node_1994,M
Node_15,Node_1294,M
Node_16,Node_224,A
Node_17,Node_30,O
Node_18,Node_798,star
Node_18,Node_583,star
Node_18,Node_965,star
Node_19,Node_1004,O
Node_19,Node_950,O
Node_20,Node_465,E
Node_20,Node_1786,E
Node_20,Node_1034,E
Node_20,Node_688,star
Node_20,Node_359,star
Node_21,Node_1663,M
Node_21,Node_1536,M
Node_21,Node_550,M
Node_22,Node_1600,O
Node_23,Node_1486,R
Node_23,Node_1411,R
Node_23,Node_222,M
Node_23,Node_1995,A
Node_24,Node_446,O
Root,Node_25,O
Node_25,Node_204,star
Node_25,Node_540,star
Node_25,Node_279,star
Node_26,Node_1660,R
Node_26,Node_1571,R
Node_26,Node_512,M
Node_26,Node_1633,M
Node_26,Node_1967,O
Node_27,Node_1170,M
Node_27,Node_1341,M
Node_28,Node_1429,R
Node_28,Node_1511,R
Node_28,Node_691,M
Node_28,Node_88,star
Node_29,Node_408,O
Node_30,Node_979,R
Node_30,Node_1043,M
Node_30,Node_44,M
Node_30,Node_538,O
Node_30,Node_1573,O
Node_31,Node_1447,A
Node_32,Node_1688,A
Node_32,Node_1566,A
Node_33,Node_1894,star
Node_33,Node_1591,star
Node_33,Node_1152,star
Node_34,Node_1436,A
Node_34,Node_1690,A
Node_35,Node_835,A
Node_35,Node_1139,A
Node_36,Node_176,R
Node_36,Node_448,R
Node_36,Node_573,O
Root,Node_37,O
Node_37,Node_1900,E
Node_37,Node_1443,M
Node_37,Node_1516,O
Node_37,Node_1517,O
Node_38,Node_1905,R
Node_38,Node_675,R
Node_38,Node_647,O
Node_38,Node_226,E
Node_39,Node_1890,star
Node_39,Node_531,star
Node_40,Node_292,R
Node_40,Node_1606,M
Node_40,Node_600,O
Node_40,Node_1937,O
Node_41,Node_1879,R
Node_41,Node_1763,M
Node_41,Node_1555,M
Node_41,Node_167,O
Node_42,Node_129,M
Node_43,Node_1077,R
Node_43,Node_1173,E
Node_44,Node_1657,star
Node_44,Node_838,star
Root,Node_45,O
Node_45,Node_715,O
Node_45,Node_1097,O
Node_46,Node_447,M
Node_46,Node_1169,M
Node_47,Node_1461,R
Node_47,Node_1574,R
Node_47,Node_81,O
Node_47,Node_1909,O
Node_47,Node_1619,E
Node_47,Node_1999,E
Node_48,Node_1303,O
Node_48,Node_1488,O
Node_49,Node_806,A
Node_50,Node_1620,M
Node_50,Node_1844,M
Root,Node_51,O
Node_51,Node_1944,M
Node_52,Node_998,O
Node_53,Node_373,E
Node_53,Node_414,E
Node_53,Node_401,E
Node_53,Node_738,M
Node_53,Node_476,M
Node_53,Node_148,O
Node_54,Node_410,M
Node_54,Node_1533,M
Node_55,Node_1589,E
Node_55,Node_641,E
Node_55,Node_637,M
Node_55,Node_1847,O
Root,Node_56,O
Node_56,Node_361,star
Node_57,Node_1128,E
Node_57,Node_484,E
Node_57,Node_1830,M
Node_57,Node_1157,O
Node_57,Node_202,O
Node_58,Node_640,A
Node_58,Node_1225,A
Node_58,Node_139,A
Node_59,Node_162,O
Root,Node_60,O
Node_60,Node_1292,M
Node_61,Node_1658,star
Node_62,Node_1136,O
Node_62,Node_1450,O
Node_63,Node_1975,star
Node_64,Node_362,M
Root,Node_65,O
Node_65,Node_1885,R
Node_65,Node_103,M
Node_65,Node_1802,O
Node_66,Node_781,A
Node_67,Node_287,R
Node_67,Node_551,O
Node_67,Node_326,O
Node_68,Node_933,R
Node_68,Node_842,R
Node_68,Node_217,O
Node_68,Node_1742,E
Node_69,Node_268,E
Node_69,Node_1514,E
Node_69,Node_761,O
Node_69,Node_1562,R
Root,Node_70,O
Node_70,Node_407,star
Node_70,Node_596,star
Node_71,Node_1406,M
Node_72,Node_1838,E
Node_72,Node_1264,E
Node_72,Node_1153,E
Node_72,Node_400,M
Node_73,Node_1156,M
Node_73,Node_863,M
Node_74,Node_419,star
Node_75,Node_604,star
Node_75,Node_1727,star
Node_76,Node_988,star
Node_76,Node_201,star
Node_76,Node_1082,star
Node_77,Node_1137,R
Node_77,Node_870,R
Node_77,Node_1998,M
Node_77,Node_1118,O
Root,Node_78,O
Node_78,Node_508,star
Node_78,Node_1653,star
Node_79,Node_153,R
Node_79,Node_514,R
Node_79,Node_789,M
Node_79,Node_1614,M
Node_79,Node_261,O
Node_80,Node_1181,R
Node_80,Node_1266,O
Node_80,Node_398,O
Node_80,Node_1695,E
Node_80,Node_799,E
Node_81,Node_1777,star
Node_82,Node_1226,A
Node_83,Node_1146,O
Node_83,Node_1092,O
Node_84,Node_1015,A
Node_85,Node_733,O
Node_85,Node_443,O
Node_86,Node_638,A
Node_87,Node_1642,star
Node_88,Node_1822,R
Node_88,Node_1629,O
Node_88,Node_1910,O
Node_88,Node_168,E
Node_88,Node_156,E
Node_89,Node_665,star
Node_89,Node_1985,star
Node_90,Node_1924,M
Node_91,Node_858,O
Node_91,Node_244,O
Node_92,Node_948,R
Node_92,Node_1212,R
Node_92,Node_95,M
Node_92,Node_1293,O
Node_93,Node_1950,E
Node_93,Node_437,M
Node_93,Node_801,star
Node_94,Node_684,R
Node_94,Node_1675,R
Node_94,Node_208,R
Node_94,Node_1913,star
Node_95,Node_567,M
Node_95,Node_1382,M
Node_96,Node_830,star
Node_96,Node_902,star
Node_97,Node_1500,O
Node_98,Node_421,star
Node_99,Node_351,R
Node_99,Node_537,M
Node_99,Node_1546,O
Root,Node_100,O
Node_100,Node_132,M
Node_100,Node_1870,M
Root,Node_101,O
Node_101,Node_878,M
Node_101,Node_1781,M
Root,Node_102,O
Node_102,Node_914,A
Node_103,Node_1872,R
Node_103,Node_479,R
Node_103,Node_1531,M
Node_103,Node_962,star
Node_103,Node_480,star
Root,Node_104,O
Node_104,Node_907,star
Node_105,Node_339,E
Node_105,Node_622,M
Node_105,Node_179,O
Node_106,Node_1127,M
Node_107,Node_705,R
Node_107,Node_515,R
Node_107,Node_821,star
Root,Node_108,O
Node_108,Node_308,O
Node_109,Node_848,E
Node_109,Node_876,E
Node_109,Node_643,M
Node_109,Node_513,star
Node_110,Node_391,star
Node_110,Node_320,star
Node_111,Node_603,star
Node_111,Node_928,star
Node_112,Node_1434,star
Node_112,Node_1425,star
Root,Node_113,O
Node_113,Node_588,A
Node_114,Node_131,M
Node_114,Node_1506,M
Node_114,Node_636,M
Node_115,Node_345,R
Node_115,Node_1861,R
Node_115,Node_1011,M
Node_115,Node_1806,O
Node_116,Node_1053,E
Node_116,Node_1426,E
Node_116,Node_1983,star
Node_117,Node_1521,R
Node_117,Node_1262,R
Node_117,Node_1032,star
Root,Node_118,O
Node_118,Node_198,M
Node_119,Node_1796,A
Root,Node_120,O
Node_120,Node_519,O
Node_120,Node_1832,O
Node_121,Node_1345,star
Node_122,Node_865,O
Root,Node_123,O
Node_123,Node_207,E
Node_123,Node_205,M
Node_123,Node_1191,O
Node_124,Node_481,O
Node_125,Node_1182,A
Node_125,Node_1389,A
Root,Node_126,O
Node_126,Node_1255,R
Node_127,Node_1362,M
Node_128,Node_1219,O
Node_129,Node_651,M
Node_130,Node_505,O
Node_131,Node_1377,M
Node_132,Node_737,M
Node_132,Node_894,M
Node_133,Node_503,E
Node_133,Node_1538,E
Node_133,Node_1105,M
Node_133,Node_1918,star
Node_133,Node_210,star
Root,Node_134,O
Node_134,Node_549,M
Node_134,Node_1199,M
Node_134,Node_1676,M
Node_135,Node_430,A
Root,Node_136,O
Node_136,Node_526,star
Node_137,Node_1957,star
Node_138,Node_371,E
Node_138,Node_1062,O
Node_139,Node_1845,E
Node_139,Node_1472,O
Node_139,Node_1063,O
Node_140,Node_1164,M
Node_141,Node_1109,star
Node_141,Node_1141,star
Node_141,Node_1765,star
Node_142,Node_1801,A
Node_142,Node_1331,A
Node_143,Node_1165,M
Node_143,Node_719,M
Node_144,Node_874,O
Node_145,Node_1551,E
Node_145,Node_1634,M
Node_145,Node_482,star
Root,Node_146,O
Node_146,Node_704,R
Node_146,Node_984,R
Node_146,Node_1507,M
Node_146,Node_958,star
Node_147,Node_1643,E
Node_147,Node_1049,E
Node_147,Node_1953,E
Node_147,Node_381,star
Node_147,Node_1188,star
Node_148,Node_182,M
Node_149,Node_1456,M
Node_150,Node_765,star
Node_150,Node_1557,star
Node_151,Node_809,E
Node_151,Node_1249,E
Node_151,Node_1393,M
Node_151,Node_671,M
Node_151,Node_607,O
Node_152,Node_1667,O
Node_154,Node_1610,M
Node_155,Node_926,star
Node_155,Node_175,star
Node_156,Node_1771,star
Node_156,Node_987,star
Root,Node_157,O
Node_157,Node_1160,star
Node_158,Node_1724,R
Node_158,Node_1523,O
Node_158,Node_981,O
Node_158,Node_1740,E
Node_159,Node_174,E
Node_159,Node_1465,E
Node_159,Node_378,M
Node_160,Node_1491,O
Node_161,Node_1285,O
Node_162,Node_235,E
Node_162,Node_1986,M
Node_162,Node_1307,O
Node_163,Node_1296,M
Root,Node_164,O
Node_164,Node_256,O
Root,Node_165,O
Node_165,Node_1820,star
Node_166,Node_1790,O
Node_166,Node_412,O
Node_167,Node_1064,M
Node_167,Node_1423,M
Node_167,Node_187,M
Node_168,Node_1608,E
Node_168,Node_1552,O
Node_168,Node_1997,O
Node_169,Node_1184,O
Node_170,Node_732,O
Node_170,Node_953,O
Root,Node_171,O
Node_171,Node_1397,M
Root,Node_172,O
Node_172,Node_881,O
Node_172,Node_1750,O
Node_173,Node_387,A
Node_173,Node_459,A
Node_174,Node_1686,A
Node_174,Node_1908,A
Node_175,Node_1197,O
Node_176,Node_1598,E
Node_176,Node_794,E
Node_176,Node_399,O
Node_176,Node_666,R
Node_176,Node_1767,R
Node_177,Node_186,M
Node_178,Node_511,O
Node_179,Node_1630,R
Node_179,Node_415,R
Node_179,Node_1753,A
Node_180,Node_1758,M
Node_180,Node_1113,M
Root,Node_181,O
Node_182,Node_365,E
Node_182,Node_771,M
Root,Node_183,O
Node_183,Node_1130,A
Root,Node_184,O
Node_184,Node_1874,O
Node_184,Node_1360,O
Node_185,Node_653,O
Node_186,Node_882,A
Node_187,Node_1102,O
Node_188,Node_301,R
Node_188,Node_1974,M
Node_188,Node_558,star
Node_189,Node_1467,O
Node_190,Node_1187,star
Node_191,Node_1550,O
Node_192,Node_1599,E
Node_192,Node_1922,E
Node_192,Node_1321,M
Node_193,Node_1976,M
Node_193,Node_892,M
Node_194,Node_356,E
Node_194,Node_1376,star
Node_195,Node_349,E
Node_195,Node_1510,M
Node_195,Node_700,O
Node_196,Node_1673,E
Node_196,Node_1559,star
Node_197,Node_957,star
Node_197,Node_909,star
Node_198,Node_746,M
Node_199,Node_617,star
Node_200,Node_1898,R
Node_200,Node_223,R
Node_200,Node_1858,R
Node_200,Node_627,star
Node_201,Node_1720,A
Node_202,Node_1061,O
Node_203,Node_677,O
Node_203,Node_834,O
Node_204,Node_1713,E
Node_205,Node_417,star
Node_205,Node_1868,star
Node_206,Node_1824,star
Node_207,Node_280,M
Node_208,Node_1316,M
Node_209,Node_1268,O
Node_209,Node_1325,O
Node_210,Node_252,M
Node_211,Node_1013,O
Node_212,Node_295,M
Node_213,Node_1178,R
Node_213,Node_905,R
Node_214,Node_815,A
Node_215,Node_1699,M
Node_216,Node_697,A
Node_217,Node_1809,A
Root,Node_218,O
Node_218,Node_1547,O
Node_218,Node_930,O
Root,Node_219,O
Node_219,Node_281,O
Node_219,Node_628,O
Node_220,Node_1715,star
Root,Node_221,O
Node_221,Node_1878,star
Node_221,Node_1384,star
Node_222,Node_570,R
Node_222,Node_1512,M
Node_222,Node_1810,O
Node_223,Node_1525,M
Node_224,Node_1269,M
Node_224,Node_1837,M
Node_225,Node_1433,star
Node_226,Node_1871,R
Node_226,Node_1221,M
Node_226,Node_1674,star
Node_226,Node_504,star
Node_227,Node_1405,star
Node_228,Node_478,star
Node_229,Node_1251,M
Node_229,Node_912,M
Node_230,Node_655,M
Node_231,Node_1989,A
Node_231,Node_949,A
Node_232,Node_395,A
Node_233,Node_1631,M
Node_234,Node_1583,E
Node_234,Node_1612,M
Node_234,Node_896,O
Node_234,Node_394,O
Node_235,Node_543,A
Node_236,Node_331,O
Node_237,Node_464,M
Node_237,Node_601,M
Node_238,Node_243,R
Node_238,Node_709,R
Node_238,Node_836,M
Node_238,Node_1041,A
Node_239,Node_1038,E
Node_240,Node_347,R
Node_240,Node_1337,O
Node_241,Node_1541,E
Node_241,Node_629,star
Node_242,Node_535,R
Node_242,Node_1628,R
Node_242,Node_460,M
Node_242,Node_346,O
Node_242,Node_1306,O
Node_243,Node_1309,star
Node_243,Node_720,star
Node_244,Node_1513,A
Node_245,Node_1498,M
Root,Node_246,O
Node_246,Node_762,star
Root,Node_247,O
Node_247,Node_1279,O
Node_248,Node_1590,M
Node_249,Node_1230,M
Node_250,Node_898,M
Node_251,Node_1960,star
Node_252,Node_440,E
Node_252,Node_293,A
Node_253,Node_829,star
Node_254,Node_606,O
Node_254,Node_1455,O
Node_255,Node_614,A
Node_256,Node_1881,M
Node_257,Node_559,star
Node_257,Node_742,star
Node_258,Node_1708,star
Node_259,Node_1515,star
Node_260,Node_1131,M
Node_262,Node_609,M
Node_262,Node_1681,M
Node_263,Node_360,A
Node_263,Node_1394,A
Node_264,Node_884,M
Node_264,Node_1714,M
Root,Node_265,O
Node_265,Node_1959,O
Root,Node_266,O
Node_266,Node_1150,O
Node_267,Node_383,star
Node_268,Node_1106,star
Node_269,Node_282,star
Node_269,Node_1752,star
Node_270,Node_1143,O
Node_271,Node_1010,E
Node_271,Node_1100,O
Root,Node_272,O
Node_272,Node_1413,R
Node_272,Node_1217,R
Node_272,Node_1854,R
Node_272,Node_1322,star
Node_273,Node_1302,R
Node_274,Node_1259,A
Node_275,Node_1532,E
Node_275,Node_429,O
Node_276,Node_1876,M
Node_278,Node_469,star
Node_278,Node_1460,star
Node_280,Node_456,E
Node_280,Node_1519,star
Node_280,Node_1808,star
Node_282,Node_872,E
Node_282,Node_689,E
Node_282,Node_1648,O
Node_283,Node_1588,M
Node_284,Node_532,A
Node_285,Node_1636,O
Node_286,Node_1655,star
Node_287,Node_581,O
Node_288,Node_455,O
Node_290,Node_1276,O
Node_291,Node_1617,R
Node_291,Node_1174,M
Node_291,Node_723,O
Node_292,Node_1459,E
Node_292,Node_1987,O
Node_293,Node_1355,star
Node_294,Node_1075,A
Node_295,Node_1235,A
Node_296,Node_1639,O
Node_297,Node_1785,R
Node_297,Node_1954,O
Node_298,Node_1621,A
Node_300,Node_1159,star
Node_301,Node_1250,A
Root,Node_302,O
Node_302,Node_1632,O
Node_303,Node_1334,O
Node_304,Node_783,A
Node_306,Node_1939,E
Root,Node_307,O
Node_307,Node_1747,O
Node_308,Node_764,M
Node_308,Node_406,M
Node_309,Node_1240,A
Node_310,Node_461,star
Node_311,Node_664,star
Node_312,Node_1518,A
Node_313,Node_388,M
Node_314,Node_826,O
Node_315,Node_1409,O
Node_316,Node_1095,M
Node_317,Node_438,star
Node_318,Node_1024,O
Node_319,Node_1821,O
Node_320,Node_490,M
Node_320,Node_1229,M
Node_322,Node_931,M
Node_322,Node_1788,M
Node_323,Node_578,M
Node_324,Node_1543,star
Node_325,Node_1883,E
Node_326,Node_779,A
Node_328,Node_1776,A
Node_329,Node_1694,O
Node_330,Node_1395,O
Node_331,Node_1050,M
Root,Node_332,O
Node_333,Node_650,M
Node_334,Node_1834,star
Node_335,Node_1241,O
Node_336,Node_516,M
Node_337,Node_521,O
Node_338,Node_713,R
Node_338,Node_670,R
Node_338,Node_1195,star
Node_339,Node_810,O
Node_340,Node_1040,A
Node_341,Node_1060,O
Node_342,Node_1227,R
Node_343,Node_667,star
Node_344,Node_1709,E
Node_345,Node_1882,star
Node_346,Node_1756,A
Node_347,Node_1281,star
Node_348,Node_1112,A
Node_349,Node_908,A
Node_349,Node_411,A
Node_350,Node_642,M
Node_351,Node_649,A
Node_352,Node_520,E
Node_352,Node_978,E
Node_352,Node_1843,O
Node_353,Node_1554,star
Node_354,Node_1103,M
Node_355,Node_1457,A
Node_356,Node_1604,O
Node_357,Node_1764,O
Node_359,Node_1386,O
Node_360,Node_1365,R
Node_360,Node_1869,star
Node_361,Node_1318,R
Node_364,Node_1652,M
Node_365,Node_937,R
Node_365,Node_710,E
Node_366,Node_1707,M
Node_367,Node_728,E
Node_368,Node_1770,O
Node_369,Node_1473,M
Node_369,Node_527,M
Node_371,Node_589,M
Node_372,Node_724,A
Node_373,Node_943,O
Node_374,Node_1755,A
Root,Node_375,O
Node_376,Node_1366,M
Node_377,Node_561,M
Node_378,Node_808,E
Node_379,Node_1263,star
Node_381,Node_1779,O
Node_383,Node_1055,A
Node_384,Node_851,M
Node_385,Node_1288,A
Node_386,Node_1155,A
Node_387,Node_1452,R
Node_387,Node_1361,O
Node_389,Node_1147,M
Node_391,Node_1207,E
Node_392,Node_729,star
Node_393,Node_1616,O
Node_394,Node_1530,star
Node_396,Node_1273,R
Node_397,Node_1081,E
Node_397,Node_595,M
Node_397,Node_1449,star
Node_399,Node_466,A
Node_400,Node_1996,E
Node_401,Node_1864,A
Node_402,Node_1731,star
Node_403,Node_590,A
Node_404,Node_554,star
Node_405,Node_1435,A
Node_407,Node_1357,M
Node_408,Node_1877,A
Node_409,Node_1749,M
Node_409,Node_1295,M
Node_410,Node_911,R
Node_411,Node_1403,R
Node_412,Node_1028,M
Node_413,Node_797,O
Node_414,Node_1327,E
Node_414,Node_910,O
Node_415,Node_955,E
Node_418,Node_1304,M
Node_419,Node_1556,star
Node_420,Node_1887,M
Node_421,Node_1115,O
Node_422,Node_712,A
Node_424,Node_1438,O
Node_425,Node_1036,M
Node_426,Node_439,O
Root,Node_427,O
Node_427,Node_1784,star
Node_428,Node_1886,E
Node_429,Node_1665,E
Node_430,Node_1572,A
Node_431,Node_1661,star
Node_434,Node_1392,E
Node_435,Node_1496,O
Node_436,Node_1234,star
Node_439,Node_847,O
Node_440,Node_1687,O
Node_441,Node_1825,A
Node_442,Node_1275,A
Node_445,Node_529,E
Node_446,Node_1363,A
Node_447,Node_1148,A
Node_451,Node_1020,A
Node_452,Node_1172,A
Node_453,Node_1828,M
Node_454,Node_1958,star
Node_455,Node_1054,M
Root,Node_458,O
Node_459,Node_1454,star
Node_460,Node_1428,star
Node_461,Node_1400,E
Node_462,Node_1977,M
Node_464,Node_1545,R
Node_466,Node_885,A
Node_467,Node_652,star
Node_467,Node_486,star
Node_468,Node_1520,M
Node_469,Node_1305,O
Root,Node_470,O
Node_472,Node_1073,O
Node_474,Node_768,R
Node_475,Node_1098,O
Node_478,Node_1719,E
Node_478,Node_1965,star
Node_479,Node_1419,A
Node_480,Node_1272,A
Node_481,Node_759,M
Node_484,Node_1704,A
Node_485,Node_927,O
Node_486,Node_956,O
Node_487,Node_1283,M
Node_488,Node_1059,star
Node_489,Node_1748,O
Node_490,Node_1320,star
Node_491,Node_1398,M
Node_493,Node_1560,star
Root,Node_494,O
Node_495,Node_1489,M
Node_497,Node_895,M
Root,Node_499,O
Node_499,Node_862,E
Node_499,Node_751,O
Node_501,Node_774,O
Node_502,Node_1682,star
Node_507,Node_1083,A
Node_508,Node_1168,M
Node_509,Node_1247,O
Node_510,Node_1096,star
Node_511,Node_714,R
Node_512,Node_1163,O
Node_513,Node_1613,O
Node_515,Node_918,A
Node_516,Node_1022,R
Node_517,Node_1056,M
Node_518,Node_1737,O
Node_519,Node_866,R
Node_519,Node_1476,R
Root,Node_524,O
Node_524,Node_1949,E
Node_529,Node_1684,A
Node_531,Node_889,O
Node_533,Node_923,E
Node_536,Node_1964,O
Node_537,Node_1254,O
Node_538,Node_1746,A
Node_539,Node_833,M
Node_540,Node_1495,E
Node_543,Node_989,M
Node_545,Node_824,star
Node_546,Node_1941,A
Root,Node_547,O
Node_547,Node_1253,M
Node_547,Node_593,M
Node_548,Node_1992,R
Node_548,Node_1387,O
Node_550,Node_854,star
Node_551,Node_1659,E
Node_552,Node_864,A
Node_553,Node_1757,M
Node_555,Node_1537,O
Node_556,Node_1842,star
Node_562,Node_1343,M
Node_564,Node_1759,E
Node_564,Node_621,M
Node_569,Node_668,M
Node_571,Node_1129,star
Node_572,Node_1611,star
Node_573,Node_1179,A
Node_574,Node_587,R
Node_577,Node_1609,R
Node_578,Node_686,star
Node_580,Node_857,M
Node_581,Node_944,O
Node_585,Node_1186,A
Node_592,Node_1417,star
Node_594,Node_837,R
Node_599,Node_1656,star
Node_600,Node_795,A
Node_600,Node_1692,A
Node_601,Node_763,star
Node_602,Node_785,A
Node_605,Node_1260,star
Node_606,Node_929,M
Node_607,Node_1493,A
Node_611,Node_648,A
Node_612,Node_743,star
Node_617,Node_706,M
Node_618,Node_1970,star
Node_621,Node_1725,R
Node_626,Node_1086,R
Node_627,Node_1726,A
Node_628,Node_1078,R
Node_628,Node_1437,E
Node_639,Node_1286,R
Node_648,Node_1231,A
Node_649,Node_1907,M
Node_651,Node_1841,A
Node_652,Node_1300,R
Node_653,Node_890,star
Node_656,Node_1700,A
Node_660,Node_1963,E
Root,Node_662,O
Node_662,Node_1277,E
Node_663,Node_1378,star
Node_666,Node_1439,A
Node_667,Node_1282,star
Node_670,Node_877,O
Node_671,Node_1416,star
Node_675,Node_1463,M
Node_677,Node_1483,O
Root,Node_678,O
Node_679,Node_1418,A
Node_680,Node_1005,E
Node_682,Node_1497,E
Node_690,Node_963,O
Node_692,Node_1852,star
Node_694,Node_1891,star
Node_695,Node_1783,M
Node_696,Node_1649,O
Node_699,Node_1145,star
Node_699,Node_828,star
Node_701,Node_1938,A
Root,Node_702,O
Node_703,Node_707,A
Node_707,Node_1326,O
Node_709,Node_1831,A
Node_711,Node_1504,M
Node_714,Node_1522,O
Node_720,Node_1354,O
Node_723,Node_1926,A
Node_726,Node_871,O
Node_728,Node_1039,M
Node_729,Node_1778,O
Node_743,Node_1691,star
Node_745,Node_1211,O
Node_755,Node_812,M
Node_760,Node_1544,M
Node_769,Node_1414,A
Node_771,Node_1603,star
Node_777,Node_1605,O
Node_778,Node_1446,M
Node_781,Node_1441,E
Node_796,Node_1339,O
Node_798,Node_887,R
Node_802,Node_1370,A
Node_806,Node_1921,M
Node_807,Node_1534,M
Node_809,Node_1835,E
Node_824,Node_1154,A
Node_827,Node_1171,star
Node_828,Node_1586,star
Node_836,Node_1125,E
Root,Node_846,O
Node_848,Node_1091,O
Node_850,Node_1807,A
Node_853,Node_1030,M
Root,Node_856,O
Node_871,Node_1833,E
Node_878,Node_1853,M
Node_880,Node_1123,E
Node_882,Node_1071,star
Node_891,Node_1067,R
Node_904,Node_941,star
Node_912,Node_1069,O
Node_919,Node_1827,R
Node_922,Node_1815,R
Node_923,Node_1401,M
Node_924,Node_1372,star
Node_936,Node_940,M
Node_945,Node_1499,M
Node_949,Node_1775,star
Node_956,Node_1889,O
Node_972,Node_1804,A
Node_981,Node_1427,O
Node_989,Node_1298,star
Root,Node_1006,O
Node_1020,Node_1575,M
Node_1024,Node_1722,O
Node_1027,Node_1581,O
Node_1077,Node_1090,star
Node_1078,Node_1888,star
Node_1079,Node_1582,star
Node_1090,Node_1893,M
Root,Node_1111,O
Node_1118,Node_1383,E
Node_1125,Node_1917,M
Node_1210,Node_1919,E
Node_1229,Node_1475,M
Node_1278,Node_1280,star
Node_1354,Node_1622,M
Node_1394,Node_1579,star
Node_1419,Node_1884,O
Node_1451,Node_1829,R
Node_1529,Node_1592,M
Node_1557,Node_1904,star
Node_1690,Node_1710,M
