parent,child,relationshiptype
Root,Node_0,M
Node_0,Node_829,star
Node_0,Node_422,star
Node_1,Node_49,M
Node_1,Node_102,M
Node_1,Node_581,M
Node_2,Node_553,O
Node_2,Node_70,O
Root,Node_3,M
Node_3,Node_614,star
Node_4,Node_726,O
Node_4,Node_801,O
Node_5,Node_874,E
Node_5,Node_755,E
Node_5,Node_246,E
Node_5,Node_345,M
Node_5,Node_412,M
Node_5,Node_879,O
Node_6,Node_728,M
Node_6,Node_873,M
Node_6,Node_253,M
Root,Node_7,M
Node_7,Node_299,E
Node_7,Node_961,O
Node_7,Node_750,R
Node_7,Node_121,R
Node_8,Node_723,O
Node_8,Node_785,O
Node_9,Node_379,A
Root,Node_10,M
Node_10,Node_682,E
Node_10,Node_825,E
Node_10,Node_287,M
Node_10,Node_559,O
Node_11,Node_999,E
Node_11,Node_628,O
Node_11,Node_783,R
Root,Node_12,M
Node_12,Node_613,R
Node_12,Node_443,R
Node_12,Node_975,M
Node_12,Node_597,star
Node_13,Node_670,E
Node_13,Node_132,E
Node_13,Node_86,O
Node_13,Node_826,R
Node_14,Node_888,E
Node_14,Node_207,E
Node_14,Node_406,star
Root,Node_15,M
Node_15,Node_119,M
Node_15,Node_857,M
Node_16,Node_184,R
Node_16,Node_327,M
Node_16,Node_93,M
Node_16,Node_976,O
Node_17,Node_25,A
Root,Node_18,M
Node_18,Node_488,E
Node_18,Node_495,M
Node_18,Node_335,A
Node_19,Node_673,M
Node_19,Node_178,M
Node_19,Node_562,M
Root,Node_20,M
Node_20,Node_240,O
Node_20,Node_157,O
Node_20,Node_735,O
Root,Node_21,M
Node_21,Node_986,M
Node_21,Node_776,M
Node_21,Node_913,M
Node_22,Node_621,R
Node_22,Node_154,R
Node_22,Node_786,R
Node_22,Node_564,M
Node_22,Node_202,star
Node_23,Node_309,A
Node_23,Node_188,A
Node_23,Node_208,A
Node_24,Node_125,A
Node_24,Node_38,A
Node_25,Node_35,M
Node_25,Node_846,M
Node_26,Node_458,O
Root,Node_27,M
Node_27,Node_858,R
Node_27,Node_918,R
Node_27,Node_399,R
Node_27,Node_474,M
Node_27,Node_910,O
Node_27,Node_701,O
Node_28,Node_733,star
Node_28,Node_634,star
Node_29,Node_192,E
Node_29,Node_724,E
Node_29,Node_744,M
Node_29,Node_298,star
Node_29,Node_515,star
Root,Node_30,M
Node_30,Node_388,M
Node_31,Node_867,R
Node_31,Node_460,R
Node_31,Node_650,R
Node_31,Node_354,O
Node_32,Node_798,M
Node_33,Node_407,E
Node_33,Node_540,M
Node_33,Node_787,M
Node_33,Node_655,O
Node_33,Node_861,O
Node_34,Node_439,M
Node_35,Node_680,M
Node_35,Node_427,M
Node_36,Node_295,M
Node_36,Node_193,M
Node_37,Node_956,O
Node_37,Node_54,O
Node_37,Node_502,O
Node_38,Node_509,A
Node_38,Node_615,A
Node_38,Node_369,A
Node_39,Node_84,R
Node_39,Node_704,R
Node_39,Node_114,M
Node_39,Node_706,M
Node_39,Node_737,O
Node_39,Node_187,O
Node_40,Node_936,star
Node_41,Node_898,A
Node_41,Node_257,A
Root,Node_42,M
Node_42,Node_850,E
Node_42,Node_135,A
Node_43,Node_120,O
Node_43,Node_414,O
Node_43,Node_436,O
Root,Node_44,M
Node_44,Node_98,star
Node_44,Node_523,star
Node_45,Node_332,E
Node_46,Node_225,star
Node_47,Node_725,star
Root,Node_48,M
Node_48,Node_143,M
Node_48,Node_88,M
Node_49,Node_849,O
Node_50,Node_603,A
Node_50,Node_584,A
Node_51,Node_558,O
Node_52,Node_963,R
Node_52,Node_316,O
Node_52,Node_639,O
Node_53,Node_732,O
Node_54,Node_517,R
Node_54,Node_529,R
Node_54,Node_195,O
Node_55,Node_133,M
Node_56,Node_167,O
Node_57,Node_405,M
Node_57,Node_569,M
Root,Node_58,M
Node_58,Node_819,star
Root,Node_59,M
Node_59,Node_150,M
Node_60,Node_419,R
Node_60,Node_394,R
Node_60,Node_868,star
Node_61,Node_566,R
Node_61,Node_363,M
Node_61,Node_990,A
Root,Node_62,M
Node_62,Node_633,M
Node_63,Node_291,A
Root,Node_64,M
Node_64,Node_966,E
Node_64,Node_189,R
Root,Node_65,M
Node_65,Node_158,R
Node_65,Node_892,R
Node_65,Node_791,star
Node_66,Node_804,O
Node_67,Node_654,O
Node_68,Node_255,R
Node_68,Node_200,M
Node_68,Node_959,M
Node_69,Node_638,E
Node_69,Node_279,E
Node_70,Node_653,A
Node_71,Node_146,A
Node_72,Node_748,M
Node_72,Node_696,M
Node_74,Node_903,M
Node_75,Node_729,O
Root,Node_76,M
Node_76,Node_630,M
Node_77,Node_447,O
Node_78,Node_979,star
Node_79,Node_570,star
Node_79,Node_765,star
Root,Node_80,M
Node_80,Node_317,star
Node_81,Node_275,E
Node_81,Node_941,O
Node_81,Node_351,O
Node_82,Node_496,E
Node_82,Node_110,E
Node_82,Node_606,O
Root,Node_83,M
Node_83,Node_800,E
Node_83,Node_425,M
Node_84,Node_671,star
Node_85,Node_510,R
Node_85,Node_763,R
Node_85,Node_318,A
Node_86,Node_708,M
Node_87,Node_370,M
Node_88,Node_942,star
Node_89,Node_261,R
Node_89,Node_600,M
Node_89,Node_142,O
Node_89,Node_514,O
Node_90,Node_464,M
Node_91,Node_818,O
Root,Node_92,M
Node_92,Node_455,M
Node_93,Node_806,star
Node_93,Node_319,star
Node_94,Node_767,star
Node_94,Node_465,star
Node_95,Node_905,O
Node_96,Node_144,A
Node_97,Node_206,A
Node_98,Node_131,A
Root,Node_99,M
Node_99,Node_908,star
Node_100,Node_274,R
Node_100,Node_547,E
Node_101,Node_106,E
Node_101,Node_212,star
Node_101,Node_675,star
Node_102,Node_982,E
Node_102,Node_137,O
Node_103,Node_197,O
Node_103,Node_863,O
Root,Node_104,M
Node_104,Node_111,star
Node_105,Node_408,O
Node_106,Node_333,E
Node_106,Node_854,E
Node_106,Node_700,E
Node_107,Node_817,M
Node_108,Node_649,E
Node_108,Node_431,R
Node_109,Node_993,R
Node_109,Node_162,A
Node_110,Node_901,O
Node_111,Node_945,star
Node_112,Node_588,star
Node_112,Node_622,star
Node_113,Node_331,O
Node_114,Node_805,M
Node_115,Node_734,O
Node_116,Node_968,M
Node_117,Node_646,E
Node_117,Node_183,M
Node_117,Node_812,O
Root,Node_118,M
Node_118,Node_651,E
Node_119,Node_864,O
Node_121,Node_136,R
Node_121,Node_123,star
Node_121,Node_834,star
Root,Node_122,M
Node_122,Node_789,A
Node_123,Node_718,O
Node_124,Node_381,E
Node_124,Node_214,star
Node_125,Node_456,star
Node_126,Node_341,M
Node_127,Node_498,O
Node_128,Node_273,R
Node_128,Node_504,M
Node_129,Node_141,E
Node_129,Node_163,star
Node_131,Node_679,M
Node_131,Node_656,M
Node_132,Node_984,star
Node_132,Node_410,star
Node_133,Node_760,O
Node_134,Node_958,M
Node_135,Node_830,A
Node_136,Node_922,star
Node_137,Node_970,O
Root,Node_138,M
Node_139,Node_674,E
Node_139,Node_716,E
Node_139,Node_794,M
Node_139,Node_871,O
Root,Node_140,M
Node_140,Node_339,A
Node_140,Node_536,A
Node_142,Node_582,A
Node_143,Node_266,O
Node_144,Node_538,E
Node_144,Node_751,R
Node_145,Node_485,M
Node_146,Node_930,star
Node_148,Node_891,star
Node_149,Node_503,A
Node_151,Node_374,R
Node_152,Node_501,A
Node_153,Node_784,O
Node_154,Node_967,O
Node_155,Node_349,R
Node_157,Node_833,star
Node_158,Node_236,M
Node_159,Node_835,star
Root,Node_160,M
Node_160,Node_876,M
Node_160,Node_770,M
Node_161,Node_667,R
Node_162,Node_832,A
Node_163,Node_312,A
Node_164,Node_315,A
Node_164,Node_258,A
Node_165,Node_616,O
Node_166,Node_788,E
Node_166,Node_589,E
Node_166,Node_652,M
Node_166,Node_824,O
Node_167,Node_426,R
Node_167,Node_678,star
Node_168,Node_954,star
Node_170,Node_395,star
Root,Node_171,M
Node_171,Node_356,M
Node_172,Node_843,O
Node_172,Node_371,O
Node_173,Node_181,M
Node_174,Node_774,A
Node_175,Node_880,R
Node_175,Node_477,A
Root,Node_176,M
Node_176,Node_631,M
Node_176,Node_416,M
Node_177,Node_475,R
Node_179,Node_719,star
Root,Node_180,M
Node_181,Node_676,O
Node_181,Node_947,O
Node_182,Node_283,star
Node_184,Node_270,star
Node_185,Node_294,M
Node_186,Node_602,M
Node_186,Node_259,M
Node_187,Node_228,star
Node_188,Node_297,E
Node_189,Node_677,star
Node_190,Node_444,A
Node_191,Node_759,A
Node_191,Node_409,A
Node_192,Node_344,A
Node_193,Node_938,O
Node_196,Node_971,R
Node_197,Node_973,E
Node_197,Node_713,O
Node_199,Node_877,O
Node_200,Node_617,E
Node_201,Node_338,E
Node_202,Node_478,R
Node_202,Node_917,star
Node_203,Node_450,star
Node_204,Node_807,M
Node_205,Node_664,A
Node_206,Node_711,M
Node_207,Node_519,O
Node_207,Node_473,O
Node_208,Node_950,E
Node_210,Node_845,E
Node_210,Node_301,E
Node_211,Node_821,E
Node_211,Node_900,M
Node_212,Node_749,star
Node_213,Node_587,E
Node_213,Node_698,O
Node_214,Node_943,star
Node_215,Node_920,R
Node_215,Node_491,R
Node_215,Node_658,E
Node_217,Node_779,M
Node_218,Node_987,M
Node_219,Node_531,O
Node_222,Node_738,E
Node_222,Node_962,R
Node_223,Node_554,A
Node_224,Node_284,O
Node_225,Node_686,R
Node_225,Node_382,M
Node_226,Node_722,O
Node_227,Node_681,M
Node_229,Node_389,O
Root,Node_230,M
Node_230,Node_609,O
Node_233,Node_953,M
Node_234,Node_766,E
Node_234,Node_980,A
Node_237,Node_243,star
Node_239,Node_263,M
Node_240,Node_753,M
Node_244,Node_911,star
Node_245,Node_484,star
Node_247,Node_334,R
Node_247,Node_915,E
Node_248,Node_960,R
Node_248,Node_591,E
Node_250,Node_276,R
Node_250,Node_952,R
Node_252,Node_376,star
Node_252,Node_927,star
Node_255,Node_977,M
Node_256,Node_663,star
Node_258,Node_731,E
Node_258,Node_311,A
Node_259,Node_648,O
Node_260,Node_882,O
Node_262,Node_855,M
Root,Node_265,M
Node_266,Node_709,O
Node_268,Node_277,R
Node_269,Node_574,M
Node_269,Node_544,M
Node_270,Node_896,A
Node_271,Node_347,M
Root,Node_272,M
Node_272,Node_494,A
Node_273,Node_985,M
Node_275,Node_795,star
Node_276,Node_629,O
Node_277,Node_816,R
Node_278,Node_468,O
Node_279,Node_640,M
Node_280,Node_684,O
Node_282,Node_499,R
Node_282,Node_308,R
Node_282,Node_459,O
Node_286,Node_378,E
Node_286,Node_592,E
Root,Node_288,M
Node_288,Node_463,star
Root,Node_289,M
Node_289,Node_479,R
Node_291,Node_730,M
Node_293,Node_565,star
Node_294,Node_452,M
Node_296,Node_522,star
Node_299,Node_320,A
Node_301,Node_500,R
Node_307,Node_793,M
Node_312,Node_773,R
Node_315,Node_596,R
Node_315,Node_605,O
Node_317,Node_392,A
Node_321,Node_848,R
Node_324,Node_754,star
Node_326,Node_348,O
Node_328,Node_336,star
Node_328,Node_665,star
Node_330,Node_493,O
Node_331,Node_764,E
Node_342,Node_467,star
Node_347,Node_364,star
Node_353,Node_672,star
Node_361,Node_557,A
Node_365,Node_813,E
Node_371,Node_573,M
Node_374,Node_838,R
Node_378,Node_598,R
Node_383,Node_507,A
Node_386,Node_923,R
Node_393,Node_661,R
Node_396,Node_878,star
Node_397,Node_555,E
Node_398,Node_912,E
Node_410,Node_839,star
Root,Node_413,M
Node_420,Node_624,E
Node_421,Node_964,star
Node_437,Node_992,O
Node_446,Node_974,E
Root,Node_448,M
Node_456,Node_636,E
Node_464,Node_828,R
Node_464,Node_690,star
Node_466,Node_571,star
Node_471,Node_994,O
Node_475,Node_995,A
Node_488,Node_577,M
Node_505,Node_827,star
Node_508,Node_872,O
Node_517,Node_983,R
Node_530,Node_585,R
Node_532,Node_780,M
Root,Node_537,M
Node_543,Node_904,O
Node_544,Node_859,E
Node_545,Node_567,E
Node_563,Node_802,A
Node_575,Node_852,R
Node_603,Node_866,A
Node_617,Node_746,M
Root,Node_618,M
Node_648,Node_810,E
Node_649,Node_997,M
Node_670,Node_886,star
Node_671,Node_747,O
Node_681,Node_691,R
Node_755,Node_758,O
