parent,child,relationshiptype
Root,Node_0,O
Node_0,Node_3784,A
Node_0,Node_2260,A
Node_0,Node_3079,A
Node_1,Node_3314,M
Node_1,Node_4791,M
Node_2,Node_3515,star
Node_2,Node_1788,star
Node_2,Node_2798,star
Node_3,Node_2057,star
Node_4,Node_3490,R
Node_4,Node_1816,M
Node_4,Node_2769,M
Node_4,Node_2617,O
Node_5,Node_2804,E
Node_5,Node_2851,E
Node_5,Node_1335,E
Node_5,Node_773,star
Node_5,Node_151,star
Node_6,Node_3253,R
Node_6,Node_2597,R
Node_6,Node_1244,R
Node_6,Node_3584,O
Node_6,Node_1202,O
Node_6,Node_4093,E
Node_6,Node_1805,E
Node_7,Node_1624,A
Node_8,Node_4566,M
Node_9,Node_4016,E
Node_9,Node_339,E
Node_9,Node_4926,A
Node_10,Node_225,E
Node_10,Node_2443,E
Node_10,Node_2984,E
Node_10,Node_4599,M
Node_10,Node_3168,M
Node_10,Node_4170,O
Node_11,Node_2881,A
Node_11,Node_266,A
Root,Node_12,O
Node_12,Node_594,O
Node_13,Node_3473,star
Node_13,Node_488,star
Node_14,Node_3914,M
Node_14,Node_1429,M
Node_14,Node_3506,M
Node_15,Node_4748,star
Node_15,Node_380,star
Node_15,Node_1341,star
Node_16,Node_4034,M
Node_16,Node_2659,M
Node_16,Node_654,M
Root,Node_17,O
Node_17,Node_4646,R
Node_17,Node_4543,R
Node_17,Node_2511,O
Node_17,Node_3911,E
Node_17,Node_4832,E
Node_18,Node_4185,A
Node_18,Node_2118,A
Node_18,Node_3547,A
Node_19,Node_3156,R
Node_19,Node_1552,R
Node_19,Node_4060,R
Node_19,Node_3741,M
Node_19,Node_1926,M
Node_19,Node_4192,O
Node_19,Node_2239,O
Root,Node_20,O
Node_20,Node_3144,M
Node_20,Node_2836,M
Node_21,Node_2307,M
Node_21,Node_1810,M
Node_21,Node_2071,M
Node_22,Node_2108,A
Node_22,Node_4088,A
Node_23,Node_4616,E
Node_23,Node_2432,E
Node_23,Node_2844,M
Node_23,Node_1487,M
Node_23,Node_2302,O
Node_23,Node_2246,O
Root,Node_24,O
Node_24,Node_4057,O
Node_24,Node_578,O
Node_25,Node_169,O
Node_25,Node_3647,O
Node_25,Node_3643,O
Root,Node_26,O
Node_26,Node_2712,M
Node_26,Node_3814,M
Node_27,Node_4618,M
Node_28,Node_371,O
Root,Node_29,O
Node_29,Node_108,star
Node_29,Node_937,star
Node_29,Node_2412,star
Root,Node_30,O
Node_30,Node_2240,E
Node_30,Node_2534,O
Node_30,Node_4886,R
Node_31,Node_1479,E
Node_31,Node_2969,E
Node_31,Node_1086,E
Node_31,Node_2140,M
Node_31,Node_1506,O
Node_32,Node_3618,star
Node_32,Node_2435,star
Node_33,Node_4274,O
Node_33,Node_3977,O
Node_34,Node_3278,O
Node_35,Node_3189,R
Node_35,Node_3870,R
Node_35,Node_3691,R
Node_35,Node_3130,M
Node_35,Node_2008,O
Node_36,Node_839,M
Node_37,Node_3557,M
Node_37,Node_408,M
Node_38,Node_4359,O
Node_38,Node_2772,O
Node_38,Node_3216,O
Node_39,Node_2346,O
Node_39,Node_2273,O
Node_40,Node_590,O
Root,Node_41,O
Node_41,Node_1192,E
Node_41,Node_2734,E
Node_41,Node_3954,M
Node_41,Node_68,O
Root,Node_42,O
Node_42,Node_1347,E
Node_42,Node_850,M
Node_42,Node_1106,O
Node_42,Node_2200,O
Node_43,Node_3790,star
Node_44,Node_2649,M
Node_44,Node_2472,M
Node_45,Node_4114,M
Root,Node_46,O
Node_46,Node_4859,A
Node_46,Node_2375,A
Node_46,Node_510,A
Node_47,Node_3324,M
Node_47,Node_1211,M
Node_48,Node_2211,E
Node_48,Node_2042,E
Node_48,Node_440,E
Node_48,Node_2856,M
Node_48,Node_306,O
Root,Node_49,O
Node_49,Node_2308,M
Node_50,Node_258,star
Node_51,Node_975,E
Node_51,Node_3685,O
Node_51,Node_1248,R
Node_51,Node_4164,R
Root,Node_52,O
Node_52,Node_2478,M
Root,Node_53,O
Node_53,Node_2918,O
Node_53,Node_4495,O
Node_54,Node_2680,M
Node_54,Node_2197,M
Root,Node_55,O
Node_55,Node_267,E
Node_55,Node_3424,M
Node_55,Node_4371,O
Node_55,Node_3619,O
Root,Node_56,O
Node_56,Node_3995,R
Node_56,Node_346,R
Node_56,Node_428,R
Node_56,Node_814,O
Node_56,Node_546,O
Node_57,Node_1397,A
Node_57,Node_4683,A
Node_58,Node_1284,A
Node_58,Node_1959,A
Node_58,Node_2040,A
Node_59,Node_92,A
Node_59,Node_2100,A
Node_59,Node_4175,A
Node_60,Node_349,R
Node_60,Node_2792,R
Node_60,Node_1247,R
Node_60,Node_209,O
Node_60,Node_2739,O
Node_60,Node_3400,E
Node_60,Node_2112,E
Node_61,Node_1645,R
Node_61,Node_262,R
Node_61,Node_1483,M
Node_61,Node_456,A
Root,Node_62,O
Node_62,Node_1373,R
Node_62,Node_1967,R
Node_62,Node_787,R
Node_62,Node_3486,M
Node_62,Node_1155,O
Node_62,Node_3236,O
Node_63,Node_499,O
Node_63,Node_3344,O
Node_63,Node_4963,O
Root,Node_64,O
Node_64,Node_4674,M
Node_64,Node_1623,M
Root,Node_65,O
Node_65,Node_3831,R
Node_65,Node_3181,M
Node_65,Node_4204,M
Node_65,Node_3397,star
Node_66,Node_1840,O
Node_66,Node_3789,O
Node_66,Node_1906,O
Node_67,Node_1200,star
Node_68,Node_1272,star
Node_68,Node_4827,star
Node_68,Node_1219,star
Node_69,Node_1024,star
Node_69,Node_3322,star
Node_69,Node_953,star
Node_70,Node_1739,star
Node_70,Node_3380,star
Node_70,Node_196,star
Node_71,Node_1389,M
Node_72,Node_4248,R
Node_72,Node_1519,R
Node_72,Node_1542,M
Node_72,Node_3692,M
Node_72,Node_4960,star
Node_73,Node_239,A
Node_74,Node_3262,M
Node_74,Node_1879,M
Node_74,Node_1113,M
Root,Node_75,O
Node_75,Node_2520,star
Node_75,Node_3362,star
Node_76,Node_3945,M
Node_77,Node_4080,star
Node_77,Node_3865,star
Node_77,Node_3564,star
Node_78,Node_4201,A
Node_79,Node_3806,R
Node_79,Node_4226,O
Node_80,Node_3860,R
Node_80,Node_3200,M
Node_80,Node_4957,M
Node_80,Node_2510,O
Node_80,Node_1651,O
Node_81,Node_574,O
Root,Node_82,O
Node_82,Node_3528,O
Node_82,Node_3080,O
Node_82,Node_157,O
Root,Node_83,O
Node_83,Node_3119,star
Node_83,Node_2713,star
Node_84,Node_3726,star
Node_84,Node_4732,star
Root,Node_85,O
Node_85,Node_2488,star
Node_86,Node_3776,star
Node_86,Node_2644,star
Node_87,Node_611,A
Node_88,Node_690,star
Node_89,Node_3855,O
Node_90,Node_525,E
Node_90,Node_2602,E
Node_90,Node_2368,M
Node_90,Node_3948,star
Node_91,Node_3391,star
Node_91,Node_2329,star
Node_92,Node_3502,A
Node_92,Node_3178,A
Node_93,Node_4784,M
Node_94,Node_4705,star
Node_94,Node_2985,star
Root,Node_95,O
Node_95,Node_596,star
Node_95,Node_2060,star
Node_95,Node_1307,star
Node_96,Node_3425,E
Node_96,Node_1601,E
Node_96,Node_1649,E
Node_96,Node_3620,M
Node_96,Node_3203,star
Node_97,Node_4631,R
Node_97,Node_4464,R
Node_97,Node_4109,O
Node_97,Node_473,O
Node_98,Node_2853,E
Node_98,Node_1173,M
Node_98,Node_1055,M
Node_98,Node_1850,O
Node_98,Node_886,O
Root,Node_99,O
Node_99,Node_539,O
Node_99,Node_3387,O
Node_100,Node_383,M
Node_101,Node_3266,E
Node_101,Node_892,E
Node_101,Node_3498,M
Node_101,Node_186,star
Node_102,Node_1674,E
Node_102,Node_3356,O
Node_102,Node_3379,R
Node_102,Node_1104,R
Node_103,Node_2479,M
Node_103,Node_1908,M
Node_103,Node_3968,M
Node_104,Node_3435,E
Node_104,Node_3193,E
Node_104,Node_3078,E
Node_104,Node_2167,M
Node_104,Node_3275,star
Node_105,Node_4812,R
Node_105,Node_1133,R
Node_105,Node_3994,R
Node_105,Node_2574,star
Node_106,Node_966,A
Node_106,Node_1039,A
Node_107,Node_1755,R
Node_107,Node_1052,M
Node_107,Node_925,O
Node_108,Node_3004,O
Node_109,Node_3488,A
Node_109,Node_4805,A
Node_110,Node_1088,E
Node_110,Node_148,E
Node_110,Node_3518,O
Node_110,Node_3534,O
Root,Node_111,O
Node_111,Node_1470,A
Node_112,Node_1035,O
Node_112,Node_3658,O
Node_112,Node_314,O
Node_113,Node_2665,star
Root,Node_114,O
Node_114,Node_4988,A
Node_114,Node_343,A
Node_114,Node_1355,A
Root,Node_115,O
Node_115,Node_161,M
Node_115,Node_4573,M
Node_116,Node_4929,star
Node_116,Node_1476,star
Node_117,Node_2244,O
Node_118,Node_3000,R
Node_118,Node_535,R
Node_118,Node_2884,M
Node_118,Node_1098,M
Node_118,Node_1308,star
Node_118,Node_518,star
Root,Node_119,O
Node_119,Node_4336,O
Node_120,Node_202,E
Node_120,Node_2826,E
Node_120,Node_4959,E
Node_120,Node_2864,M
Node_120,Node_3920,O
Node_120,Node_2394,O
Node_121,Node_4163,R
Node_121,Node_2105,O
Node_121,Node_2009,O
Node_122,Node_1726,E
Node_122,Node_4570,E
Node_122,Node_2190,O
Node_122,Node_3953,O
Node_122,Node_2121,R
Node_122,Node_3306,R
Root,Node_123,O
Node_123,Node_4135,E
Node_123,Node_318,E
Node_123,Node_130,E
Node_123,Node_3053,O
Node_123,Node_1708,R
Node_123,Node_4124,R
Node_124,Node_1984,M
Node_125,Node_926,E
Node_125,Node_3196,E
Node_125,Node_2636,E
Node_125,Node_4996,M
Node_125,Node_3003,M
Node_125,Node_1751,A
Node_125,Node_3274,A
Node_126,Node_4717,E
Node_126,Node_857,M
Node_126,Node_4601,O
Root,Node_127,O
Node_127,Node_1323,R
Node_127,Node_4012,R
Node_127,Node_918,M
Node_127,Node_2280,M
Node_127,Node_2941,O
Root,Node_128,O
Node_128,Node_4083,M
Node_129,Node_3712,R
Node_129,Node_1866,O
Node_129,Node_3051,E
Node_130,Node_694,A
Node_130,Node_730,A
Node_131,Node_4277,A
Node_131,Node_4279,A
Root,Node_132,O
Node_132,Node_1146,M
Node_132,Node_2771,M
Node_133,Node_2440,R
Node_133,Node_3467,O
Node_134,Node_4634,E
Node_134,Node_2796,E
Node_134,Node_3034,M
Node_134,Node_173,M
Node_134,Node_4735,star
Node_135,Node_830,star
Node_135,Node_3653,star
Node_136,Node_3442,star
Node_137,Node_402,O
Node_138,Node_1500,E
Node_138,Node_1619,E
Node_138,Node_2469,E
Node_138,Node_2414,O
Node_138,Node_616,O
Node_139,Node_3364,R
Node_139,Node_3972,star
Node_140,Node_3551,E
Node_140,Node_1548,M
Root,Node_141,O
Node_141,Node_513,O
Node_141,Node_2043,O
Node_142,Node_1628,star
Node_142,Node_2902,star
Node_143,Node_906,star
Node_143,Node_4434,star
Node_144,Node_927,M
Node_144,Node_1398,M
Node_145,Node_4536,R
Node_145,Node_3351,R
Node_145,Node_1988,R
Node_145,Node_1271,M
Node_145,Node_1149,O
Node_146,Node_2306,star
Node_147,Node_2061,star
Node_147,Node_943,star
Node_148,Node_4071,A
Node_148,Node_4095,A
Root,Node_149,O
Node_149,Node_549,O
Node_150,Node_4590,star
Node_151,Node_3981,R
Node_151,Node_2266,R
Node_151,Node_3627,O
Node_151,Node_4242,O
Node_151,Node_2682,E
Node_151,Node_4332,E
Root,Node_152,O
Node_152,Node_4341,A
Node_153,Node_4951,R
Node_153,Node_3782,M
Node_153,Node_4444,O
Node_153,Node_4856,O
Node_154,Node_1824,O
Node_154,Node_3846,O
Root,Node_155,O
Node_155,Node_691,O
Node_155,Node_2596,O
Node_155,Node_726,O
Node_156,Node_3623,R
Node_156,Node_4613,R
Node_156,Node_1267,M
Node_157,Node_828,star
Node_158,Node_1541,star
Node_159,Node_1337,O
Node_159,Node_2750,O
Node_160,Node_841,O
Node_161,Node_2419,E
Node_161,Node_3585,E
Node_161,Node_929,E
Node_161,Node_800,A
Node_162,Node_1947,R
Node_162,Node_2908,R
Node_162,Node_4973,M
Node_162,Node_2353,O
Node_163,Node_4915,R
Node_163,Node_1836,M
Node_163,Node_3150,O
Node_163,Node_4507,O
Root,Node_164,O
Node_164,Node_4040,A
Node_164,Node_3386,A
Node_164,Node_3804,A
Node_165,Node_3417,star
Node_165,Node_3180,star
Node_165,Node_681,star
Node_166,Node_1004,R
Node_166,Node_2045,R
Node_166,Node_3318,R
Node_166,Node_4525,M
Node_166,Node_4635,A
Node_166,Node_4122,A
Node_167,Node_498,M
Node_167,Node_3923,M
Node_168,Node_1388,R
Node_168,Node_770,O
Node_168,Node_4195,E
Node_169,Node_4797,R
Node_169,Node_1075,star
Node_169,Node_897,star
Node_170,Node_3937,M
Node_171,Node_3317,A
Node_171,Node_698,A
Node_171,Node_4900,A
Root,Node_172,O
Node_172,Node_4728,A
Node_172,Node_1508,A
Node_173,Node_3369,star
Node_173,Node_2427,star
Root,Node_174,O
Node_175,Node_1951,R
Node_175,Node_3252,M
Node_175,Node_748,O
Root,Node_176,O
Node_176,Node_2370,E
Node_176,Node_1889,E
Node_176,Node_944,E
Node_176,Node_2751,A
Node_177,Node_2065,O
Node_177,Node_187,O
Root,Node_178,O
Node_178,Node_4440,star
Node_178,Node_405,star
Node_179,Node_573,R
Node_179,Node_969,A
Node_180,Node_3452,M
Node_180,Node_562,M
Node_181,Node_2486,R
Node_181,Node_1831,M
Node_181,Node_3462,O
Node_181,Node_2840,O
Node_182,Node_701,M
Node_182,Node_2398,M
Node_182,Node_4269,M
Node_183,Node_1359,E
Node_183,Node_1517,M
Node_183,Node_3676,star
Node_184,Node_2871,R
Node_184,Node_1693,R
Node_184,Node_650,M
Node_184,Node_3603,O
Node_185,Node_1559,M
Node_185,Node_1015,M
Node_186,Node_3077,star
Node_186,Node_2438,star
Node_186,Node_2352,star
Node_187,Node_3102,A
Node_187,Node_2227,A
Root,Node_188,O
Node_188,Node_4345,star
Node_188,Node_2086,star
Node_189,Node_2850,E
Node_189,Node_4679,M
Node_189,Node_1225,star
Node_189,Node_4844,star
Node_190,Node_2681,A
Node_190,Node_3874,A
Node_191,Node_1941,E
Node_191,Node_3851,E
Node_191,Node_2538,O
Node_191,Node_4720,O
Node_192,Node_2494,A
Node_192,Node_3466,A
Node_192,Node_836,A
Node_193,Node_303,star
Node_193,Node_2182,star
Root,Node_194,O
Node_194,Node_4342,A
Node_194,Node_1019,A
Node_195,Node_2384,O
Node_196,Node_3951,star
Node_197,Node_297,M
Node_197,Node_3271,M
Node_198,Node_4423,E
Node_198,Node_471,A
Node_199,Node_3372,M
Root,Node_200,O
Node_200,Node_1909,E
Node_200,Node_4291,M
Node_200,Node_811,M
Node_200,Node_2424,O
Root,Node_201,O
Node_201,Node_3170,M
Node_201,Node_1512,M
Node_202,Node_849,E
Node_202,Node_4318,M
Node_203,Node_565,M
Node_203,Node_1578,M
Root,Node_204,O
Node_204,Node_4191,M
Node_205,Node_1144,star
Node_205,Node_2822,star
Node_205,Node_2138,star
Node_206,Node_3683,O
Node_207,Node_3074,M
Node_208,Node_1679,R
Node_208,Node_1046,R
Node_208,Node_4704,star
Node_208,Node_493,star
Node_209,Node_1021,star
Node_209,Node_733,star
Root,Node_210,O
Node_210,Node_3931,A
Node_210,Node_4067,A
Node_211,Node_308,R
Node_211,Node_4202,E
Node_212,Node_2696,star
Node_212,Node_4849,star
Node_212,Node_464,star
Node_213,Node_3477,E
Node_213,Node_496,M
Node_213,Node_4904,O
Root,Node_214,O
Node_214,Node_2899,M
Node_214,Node_3548,M
Node_215,Node_291,M
Node_216,Node_3982,O
Root,Node_217,O
Node_217,Node_835,O
Root,Node_218,O
Node_218,Node_4740,O
Root,Node_219,O
Node_219,Node_2016,O
Node_219,Node_1684,O
Root,Node_220,O
Node_220,Node_1178,E
Node_220,Node_1122,star
Node_221,Node_1991,E
Node_221,Node_441,star
Node_222,Node_1820,E
Node_222,Node_460,E
Node_222,Node_3219,A
Node_223,Node_3757,M
Node_223,Node_1844,M
Node_224,Node_1901,E
Node_224,Node_1689,E
Node_224,Node_2357,star
Node_224,Node_3678,star
Node_225,Node_3947,E
Node_225,Node_2942,M
Node_225,Node_860,M
Node_225,Node_4854,O
Node_226,Node_3736,A
Node_227,Node_4368,star
Node_228,Node_3558,M
Node_229,Node_4938,O
Node_229,Node_4974,O
Node_230,Node_3007,O
Node_231,Node_910,star
Node_232,Node_1367,A
Root,Node_233,O
Node_233,Node_3470,star
Node_233,Node_3885,star
Node_234,Node_668,O
Node_235,Node_3472,A
Node_236,Node_1592,A
Node_237,Node_1240,R
Node_237,Node_2509,R
Node_237,Node_457,R
Node_237,Node_974,M
Node_237,Node_1688,star
Node_237,Node_1391,star
Node_238,Node_3852,O
Node_239,Node_4032,M
Node_239,Node_3955,M
Node_239,Node_4305,M
Node_240,Node_2407,M
Node_241,Node_987,M
Node_242,Node_3900,A
Node_243,Node_3638,M
Node_243,Node_3637,M
Node_244,Node_3761,A
Node_244,Node_374,A
Node_245,Node_3254,E
Node_245,Node_1296,M
Node_246,Node_1031,star
Node_246,Node_2586,star
Node_247,Node_4374,E
Node_247,Node_4354,E
Node_247,Node_4487,E
Node_247,Node_4049,M
Node_247,Node_3899,star
Node_248,Node_4919,O
Node_248,Node_693,O
Node_249,Node_3062,A
Node_249,Node_2606,A
Node_250,Node_4855,A
Root,Node_251,O
Node_251,Node_2383,M
Node_252,Node_4404,A
Node_252,Node_948,A
Root,Node_253,O
Node_253,Node_3760,A
Node_254,Node_4968,A
Node_254,Node_3137,A
Node_255,Node_427,O
Node_256,Node_1681,R
Node_256,Node_495,R
Node_256,Node_1917,R
Node_256,Node_4388,A
Node_257,Node_1769,M
Node_258,Node_1266,O
Node_258,Node_4517,O
Node_259,Node_3842,E
Node_259,Node_3645,E
Node_259,Node_2662,O
Node_259,Node_4035,O
Node_260,Node_3523,E
Node_260,Node_689,E
Node_260,Node_2716,E
Node_260,Node_2821,M
Node_260,Node_4984,M
Node_261,Node_3022,R
Node_261,Node_4595,M
Node_261,Node_4257,M
Node_261,Node_1772,O
Node_261,Node_1093,O
Node_262,Node_1188,A
Node_263,Node_3054,R
Node_263,Node_3967,M
Node_263,Node_3659,star
Node_264,Node_4051,star
Node_265,Node_1698,R
Node_265,Node_3593,R
Node_265,Node_3461,E
Node_265,Node_2539,E
Node_266,Node_904,R
Node_266,Node_3227,R
Node_266,Node_3071,M
Node_266,Node_4871,M
Node_266,Node_2406,star
Node_266,Node_3075,star
Node_267,Node_2420,M
Root,Node_268,O
Node_268,Node_1028,M
Node_269,Node_415,O
Node_269,Node_3474,O
Node_270,Node_3101,O
Node_270,Node_907,O
Root,Node_271,O
Node_271,Node_2944,star
Node_272,Node_1469,O
Node_272,Node_2625,O
Node_273,Node_2263,star
Node_274,Node_4719,O
Node_274,Node_1072,O
Root,Node_275,O
Node_275,Node_4632,A
Node_276,Node_728,R
Node_276,Node_623,M
Node_276,Node_4816,star
Node_277,Node_2135,M
Node_277,Node_4513,M
Node_278,Node_2843,O
Node_278,Node_2487,O
Node_279,Node_3694,star
Node_280,Node_4924,R
Node_280,Node_2122,M
Node_280,Node_3754,M
Node_280,Node_481,O
Node_280,Node_2773,O
Node_281,Node_4500,A
Node_282,Node_4882,A
Node_282,Node_1061,A
Node_283,Node_657,R
Node_283,Node_4243,R
Node_283,Node_1078,O
Node_283,Node_4754,E
Node_284,Node_774,O
Node_285,Node_3174,O
Node_286,Node_786,O
Node_286,Node_3533,O
Node_287,Node_1713,O
Node_287,Node_1087,O
Node_288,Node_1340,O
Node_289,Node_1130,star
Node_289,Node_717,star
Node_290,Node_4626,A
Node_291,Node_377,E
Node_291,Node_2628,E
Node_291,Node_3869,E
Node_291,Node_3145,M
Node_291,Node_439,star
Node_292,Node_2124,star
Node_293,Node_1382,O
Node_293,Node_2935,O
Node_294,Node_845,M
Root,Node_295,O
Node_295,Node_4623,R
Node_295,Node_1980,M
Node_295,Node_3915,O
Node_296,Node_1502,O
Node_297,Node_2015,A
Root,Node_298,O
Node_298,Node_4366,O
Node_299,Node_1287,star
Node_300,Node_4655,M
Node_301,Node_3316,E
Node_301,Node_4405,E
Node_301,Node_3921,E
Node_301,Node_1983,star
Node_302,Node_4935,A
Node_302,Node_4408,A
Node_303,Node_3223,M
Node_304,Node_3388,A
Node_305,Node_1264,A
Node_305,Node_1396,A
Node_306,Node_1351,R
Root,Node_307,O
Node_307,Node_1494,O
Node_308,Node_3241,A
Node_308,Node_2146,A
Node_309,Node_1295,O
Node_309,Node_2531,O
Node_310,Node_2830,M
Node_311,Node_4718,M
Node_312,Node_333,A
Node_313,Node_1584,O
Node_314,Node_658,A
Node_314,Node_4911,A
Node_315,Node_4703,R
Node_315,Node_744,R
Node_315,Node_4017,M
Node_315,Node_4921,M
Node_315,Node_4118,O
Root,Node_316,O
Node_316,Node_2847,R
Node_316,Node_1258,R
Node_316,Node_2886,O
Node_316,Node_4576,E
Node_317,Node_1703,O
Node_318,Node_2708,R
Node_318,Node_1474,M
Node_318,Node_934,O
Node_318,Node_2374,O
Node_319,Node_1462,star
Node_319,Node_2755,star
Node_320,Node_1006,A
Node_321,Node_3932,R
Node_321,Node_2722,R
Node_321,Node_1711,M
Node_321,Node_2337,O
Node_322,Node_1229,star
Node_322,Node_2965,star
Node_323,Node_3785,O
Node_323,Node_2366,O
Root,Node_324,O
Node_324,Node_972,A
Node_325,Node_861,R
Node_325,Node_3840,M
Node_325,Node_1714,M
Node_325,Node_2747,star
Node_326,Node_1009,M
Node_327,Node_4714,M
Node_328,Node_4914,E
Node_328,Node_2866,M
Node_328,Node_3830,M
Node_328,Node_1138,star
Node_329,Node_419,E
Node_329,Node_2975,E
Node_329,Node_3985,E
Node_329,Node_2413,O
Node_330,Node_4480,M
Node_330,Node_782,M
Node_331,Node_3854,M
Node_331,Node_1736,M
Node_332,Node_4575,O
Node_332,Node_2553,O
Node_333,Node_4587,A
Root,Node_334,O
Node_334,Node_2395,E
Node_334,Node_2777,E
Node_334,Node_2276,A
Root,Node_335,O
Node_335,Node_1702,A
Root,Node_336,O
Node_336,Node_4612,star
Node_337,Node_1560,A
Node_338,Node_1056,M
Node_338,Node_2841,M
Node_339,Node_585,M
Node_340,Node_2291,A
Root,Node_341,O
Node_341,Node_2828,M
Node_341,Node_1083,M
Node_342,Node_3323,E
Node_342,Node_2730,star
Node_343,Node_1235,M
Node_344,Node_1153,E
Node_344,Node_1565,O
Node_344,Node_2974,O
Root,Node_345,O
Node_345,Node_3537,R
Node_345,Node_2584,R
Node_345,Node_4622,R
Node_345,Node_3013,O
Node_346,Node_2274,star
Root,Node_347,O
Node_347,Node_1208,star
Node_348,Node_406,E
Node_348,Node_4607,O
Node_349,Node_2532,M
Node_349,Node_509,M
Node_350,Node_4581,star
Node_350,Node_4994,star
Node_351,Node_3673,E
Node_351,Node_756,R
Root,Node_352,O
Node_352,Node_1528,O
Node_353,Node_4375,M
Node_353,Node_4090,M
Node_354,Node_3040,O
Node_355,Node_4353,O
Node_355,Node_4189,O
Node_356,Node_2849,O
Node_357,Node_3107,O
Node_358,Node_3918,A
Node_359,Node_609,M
Node_359,Node_1315,M
Node_360,Node_3582,A
Node_361,Node_2278,star
Node_362,Node_2749,A
Node_362,Node_2727,A
Node_363,Node_632,M
Node_364,Node_1863,A
Node_364,Node_2389,A
Node_365,Node_2058,R
Node_365,Node_4350,R
Node_365,Node_2678,M
Node_365,Node_3763,M
Node_365,Node_2704,star
Node_365,Node_2673,star
Node_366,Node_898,O
Node_366,Node_4250,O
Node_366,Node_4299,O
Node_367,Node_4165,star
Node_368,Node_2127,R
Node_368,Node_2583,M
Node_368,Node_3129,O
Node_369,Node_3055,M
Node_369,Node_4046,M
Node_370,Node_1921,star
Node_370,Node_3779,star
Node_371,Node_2595,star
Node_371,Node_4157,star
Node_372,Node_685,star
Node_373,Node_514,O
Node_374,Node_607,M
Node_374,Node_3159,M
Node_375,Node_2544,M
Root,Node_376,O
Node_376,Node_988,M
Node_376,Node_4491,M
Node_377,Node_2116,M
Node_377,Node_3211,M
Node_378,Node_2717,A
Node_379,Node_1489,O
Node_379,Node_3713,O
Node_380,Node_1125,star
Node_381,Node_2788,A
Root,Node_382,O
Node_382,Node_3456,star
Node_382,Node_3286,star
Node_383,Node_3406,O
Node_384,Node_670,O
Node_384,Node_2125,O
Node_385,Node_4602,star
Node_385,Node_2265,star
Node_386,Node_3614,M
Node_387,Node_2559,E
Node_387,Node_4678,E
Node_387,Node_1488,O
Node_387,Node_4532,R
Node_387,Node_3300,R
Node_388,Node_4070,E
Node_388,Node_1922,M
Node_388,Node_1700,O
Node_389,Node_4939,A
Node_390,Node_4793,A
Node_391,Node_3032,R
Node_391,Node_792,R
Node_391,Node_3152,M
Node_391,Node_1409,O
Node_392,Node_4715,A
Node_392,Node_3408,A
Node_393,Node_3709,E
Node_393,Node_3705,star
Node_394,Node_1455,E
Node_394,Node_1395,star
Node_395,Node_3886,star
Node_395,Node_1148,star
Root,Node_396,O
Node_396,Node_1123,star
Node_397,Node_3043,A
Root,Node_398,O
Node_398,Node_979,star
Node_398,Node_2482,star
Root,Node_399,O
Node_399,Node_4723,A
Node_400,Node_823,A
Node_400,Node_2350,A
Root,Node_401,O
Node_401,Node_2073,R
Node_401,Node_1427,M
Node_401,Node_855,O
Node_402,Node_1808,M
Node_403,Node_2213,R
Node_403,Node_1418,A
Root,Node_404,O
Node_404,Node_3060,star
Node_405,Node_1842,O
Node_406,Node_1023,O
Node_407,Node_2447,A
Node_408,Node_2930,A
Node_409,Node_1386,E
Node_409,Node_3639,R
Root,Node_410,O
Node_410,Node_4372,M
Node_411,Node_1440,O
Node_411,Node_1509,O
Node_412,Node_2758,E
Node_413,Node_3572,M
Node_413,Node_1452,M
Node_414,Node_2036,M
Node_414,Node_3493,M
Node_415,Node_4238,M
Root,Node_416,O
Node_416,Node_4662,O
Node_417,Node_4629,O
Node_418,Node_1590,star
Node_419,Node_2130,star
Node_420,Node_3288,R
Node_420,Node_2476,E
Node_421,Node_582,R
Node_421,Node_1236,E
Node_422,Node_3487,R
Node_422,Node_1132,R
Node_422,Node_3682,M
Node_422,Node_3888,M
Node_422,Node_3463,O
Node_422,Node_2430,O
Node_423,Node_2311,O
Node_424,Node_2248,M
Node_425,Node_675,star
Node_425,Node_4190,star
Node_426,Node_790,R
Node_426,Node_1697,O
Node_426,Node_3975,O
Node_427,Node_1704,star
Node_427,Node_4293,star
Node_428,Node_4594,A
Node_429,Node_1380,O
Node_429,Node_4086,O
Node_430,Node_4701,M
Node_431,Node_1458,star
Node_431,Node_4453,star
Node_431,Node_853,star
Root,Node_432,O
Node_432,Node_2575,A
Root,Node_433,O
Node_433,Node_1608,star
Node_434,Node_2179,O
Node_435,Node_3134,A
Node_436,Node_3750,E
Node_436,Node_4724,A
Node_436,Node_2050,A
Root,Node_437,O
Node_437,Node_4382,star
Node_437,Node_2137,star
Node_438,Node_3801,R
Node_438,Node_2332,M
Node_438,Node_1124,A
Node_439,Node_3046,R
Node_439,Node_1591,M
Node_439,Node_2832,O
Node_439,Node_538,O
Node_440,Node_2570,R
Node_440,Node_4218,M
Node_440,Node_1793,O
Node_441,Node_2618,star
Node_442,Node_492,M
Node_442,Node_4287,M
Node_443,Node_4779,star
Node_444,Node_4084,star
Node_445,Node_4180,star
Node_446,Node_3811,O
Node_447,Node_4503,star
Node_448,Node_4456,E
Node_448,Node_4833,M
Node_448,Node_1205,O
Node_449,Node_3825,M
Node_450,Node_4586,star
Node_450,Node_1567,star
Node_451,Node_4569,M
Node_451,Node_2631,M
Node_452,Node_4821,O
Node_453,Node_1920,O
Node_454,Node_1448,star
Node_455,Node_2126,A
Node_455,Node_4223,A
Node_456,Node_3385,R
Node_456,Node_4696,R
Node_456,Node_4129,M
Node_456,Node_3535,star
Node_457,Node_532,E
Node_457,Node_2056,E
Node_458,Node_1038,M
Node_459,Node_3096,O
Node_460,Node_605,R
Node_460,Node_3962,A
Node_461,Node_1612,star
Node_462,Node_2046,E
Node_462,Node_2238,E
Node_462,Node_4262,O
Node_462,Node_2221,R
Node_463,Node_2155,R
Node_463,Node_3209,M
Node_463,Node_3715,A
Node_464,Node_4756,R
Node_464,Node_626,M
Node_465,Node_1011,M
Node_466,Node_4574,A
Node_467,Node_3667,O
Node_468,Node_3330,E
Node_468,Node_1291,E
Node_469,Node_958,R
Node_469,Node_844,star
Node_470,Node_2600,M
Node_471,Node_2598,O
Root,Node_472,O
Node_472,Node_2542,O
Node_473,Node_1789,A
Node_474,Node_3428,O
Node_475,Node_3140,M
Node_475,Node_3267,M
Node_476,Node_3198,O
Root,Node_477,O
Node_477,Node_3155,R
Node_477,Node_3704,O
Node_478,Node_3501,A
Root,Node_479,O
Node_479,Node_2117,M
Node_480,Node_489,star
Node_481,Node_833,star
Node_482,Node_2301,star
Node_483,Node_1316,R
Node_483,Node_4918,M
Node_483,Node_4868,star
Node_484,Node_2786,M
Node_485,Node_2451,O
Node_485,Node_3684,O
Node_486,Node_2789,E
Node_486,Node_1837,E
Node_486,Node_2235,E
Node_486,Node_4329,M
Node_486,Node_534,star
Node_487,Node_4788,A
Node_488,Node_1286,M
Node_489,Node_4971,M
Root,Node_490,O
Node_490,Node_1686,O
Root,Node_491,O
Node_491,Node_818,star
Node_492,Node_3963,M
Node_493,Node_1734,M
Node_494,Node_4615,A
Node_495,Node_1401,R
Node_496,Node_2858,O
Node_497,Node_3008,A
Node_498,Node_1230,A
Node_499,Node_2222,M
Root,Node_500,O
Node_500,Node_1830,R
Node_500,Node_1496,R
Root,Node_501,O
Node_501,Node_4492,E
Node_501,Node_718,A
Node_502,Node_864,E
Node_502,Node_4207,O
Root,Node_503,O
Node_503,Node_4198,O
Node_503,Node_2485,O
Node_503,Node_1040,O
Node_504,Node_4806,R
Node_504,Node_4682,M
Node_504,Node_964,A
Node_506,Node_4043,M
Node_507,Node_3980,star
Node_507,Node_3499,star
Root,Node_508,O
Node_508,Node_568,A
Node_509,Node_957,A
Node_510,Node_2286,A
Node_511,Node_2872,star
Node_512,Node_4141,R
Node_512,Node_1924,star
Node_513,Node_3087,M
Node_513,Node_3218,M
Node_515,Node_1199,M
Node_515,Node_3500,M
Node_516,Node_2393,E
Node_516,Node_3026,O
Node_516,Node_4288,O
Node_516,Node_3733,R
Root,Node_517,O
Node_517,Node_699,M
Node_517,Node_1738,M
Node_518,Node_1283,star
Node_519,Node_1731,R
Node_519,Node_1696,R
Node_519,Node_4501,M
Node_519,Node_3357,O
Node_520,Node_3422,M
Node_521,Node_4561,star
Node_522,Node_1655,M
Node_523,Node_1641,O
Node_524,Node_4659,O
Node_525,Node_4807,R
Node_525,Node_2922,R
Node_526,Node_4174,star
Root,Node_527,O
Node_527,Node_1742,R
Node_527,Node_884,O
Node_527,Node_4335,E
Node_528,Node_1956,star
Node_529,Node_2338,M
Node_530,Node_4011,M
Node_531,Node_4322,M
Node_532,Node_4145,star
Node_533,Node_2436,E
Node_534,Node_4373,M
Node_535,Node_960,A
Root,Node_536,O
Node_536,Node_2818,O
Node_537,Node_1379,A
Node_538,Node_1737,O
Node_539,Node_4983,M
Node_540,Node_2813,R
Node_540,Node_4399,R
Node_540,Node_4268,R
Node_540,Node_4895,O
Node_541,Node_4478,E
Node_541,Node_4062,M
Node_541,Node_793,star
Node_542,Node_4880,O
Node_543,Node_3226,M
Node_544,Node_4514,A
Node_545,Node_875,E
Node_545,Node_4338,M
Node_545,Node_931,M
Node_545,Node_1802,star
Node_545,Node_1206,star
Node_546,Node_3679,M
Root,Node_548,O
Node_548,Node_1305,A
Node_549,Node_1861,M
Node_549,Node_4033,M
Node_550,Node_2910,A
Node_551,Node_1118,M
Node_551,Node_2640,M
Node_552,Node_2191,A
Node_552,Node_4600,A
Node_553,Node_1656,E
Node_553,Node_3910,A
Node_554,Node_4858,R
Node_554,Node_3735,M
Node_554,Node_2377,A
Root,Node_555,O
Node_556,Node_4568,O
Node_557,Node_2842,star
Node_558,Node_4038,A
Node_558,Node_2512,A
Node_559,Node_1865,R
Node_559,Node_3390,O
Root,Node_560,O
Node_560,Node_4019,A
Node_561,Node_3458,M
Node_562,Node_1443,O
Node_562,Node_3753,O
Node_563,Node_3234,M
Node_563,Node_2259,M
Node_564,Node_1111,star
Node_565,Node_1732,star
Node_566,Node_4899,A
Node_567,Node_2920,R
Node_568,Node_2517,A
Node_569,Node_1970,E
Node_569,Node_3602,E
Node_569,Node_4596,O
Node_569,Node_2145,O
Node_569,Node_4101,R
Node_570,Node_4079,M
Node_571,Node_2862,star
Node_572,Node_2142,star
Node_572,Node_4744,star
Node_573,Node_4206,R
Node_573,Node_4796,O
Node_574,Node_1252,star
Node_574,Node_3321,star
Root,Node_575,O
Node_575,Node_4102,E
Node_575,Node_1018,E
Node_575,Node_4138,E
Node_575,Node_2760,M
Node_575,Node_2860,star
Node_577,Node_4641,E
Node_578,Node_2417,E
Node_578,Node_4565,star
Node_578,Node_3021,star
Node_579,Node_1880,M
Root,Node_580,O
Node_580,Node_584,E
Node_580,Node_603,M
Node_580,Node_4846,O
Node_581,Node_4546,A
Node_581,Node_3185,A
Node_582,Node_4003,star
Node_583,Node_3862,M
Node_584,Node_3063,A
Node_585,Node_1912,A
Node_586,Node_1694,O
Node_586,Node_2220,O
Node_586,Node_4485,O
Node_587,Node_4421,E
Node_587,Node_996,E
Node_587,Node_1298,E
Node_587,Node_2250,M
Node_588,Node_3664,O
Node_589,Node_4392,star
Node_590,Node_4313,M
Node_591,Node_4005,A
Node_592,Node_4633,M
Node_593,Node_4298,star
Node_594,Node_3329,R
Node_594,Node_4925,star
Node_595,Node_1164,R
Node_595,Node_2029,A
Node_596,Node_3412,M
Node_596,Node_4169,M
Node_597,Node_3771,M
Node_598,Node_2831,A
Node_599,Node_1823,star
Node_600,Node_2778,star
Node_601,Node_1521,M
Node_602,Node_3392,O
Node_603,Node_1394,E
Node_603,Node_2979,M
Node_603,Node_4571,O
Node_604,Node_2178,O
Node_604,Node_1227,O
Node_605,Node_1606,star
Node_606,Node_4251,O
Node_607,Node_1626,O
Node_608,Node_2006,O
Node_608,Node_795,O
Node_609,Node_2224,O
Node_610,Node_2304,O
Node_611,Node_4365,E
Node_612,Node_4922,star
Node_612,Node_4120,star
Node_615,Node_4283,E
Node_616,Node_771,M
Node_617,Node_3335,O
Node_618,Node_4065,E
Node_618,Node_1464,R
Node_618,Node_1907,R
Node_619,Node_4967,A
Node_619,Node_1439,A
Node_620,Node_1614,M
Node_621,Node_3974,star
Root,Node_622,O
Node_622,Node_3088,O
Node_623,Node_1729,A
Node_624,Node_2626,star
Node_624,Node_1492,star
Node_625,Node_4541,A
Node_625,Node_3123,A
Node_626,Node_4538,M
Node_626,Node_4783,M
Root,Node_627,O
Node_627,Node_2203,A
Node_628,Node_989,O
Root,Node_629,O
Node_629,Node_4520,star
Node_630,Node_2677,O
Root,Node_631,O
Node_631,Node_940,R
Node_632,Node_4140,O
Node_632,Node_1482,O
Node_633,Node_3465,A
Node_634,Node_1131,star
Node_635,Node_1069,O
Node_636,Node_3228,M
Node_638,Node_1071,A
Root,Node_639,O
Node_639,Node_3482,R
Node_639,Node_1139,star
Node_640,Node_1862,M
Node_641,Node_4786,R
Node_641,Node_3296,O
Node_641,Node_4436,E
Node_642,Node_3204,E
Node_642,Node_1184,O
Node_642,Node_1207,R
Root,Node_643,O
Node_644,Node_3960,A
Root,Node_645,O
Node_645,Node_1503,M
Node_646,Node_1411,star
Node_647,Node_2964,E
Node_647,Node_2218,M
Node_647,Node_2059,O
Node_648,Node_1622,star
Node_649,Node_991,O
Node_650,Node_3650,star
Node_651,Node_3700,M
Root,Node_652,O
Node_652,Node_4425,O
Node_654,Node_3249,A
Node_654,Node_2550,A
Root,Node_655,O
Node_655,Node_2759,E
Node_655,Node_1374,O
Node_656,Node_4230,A
Node_657,Node_3069,E
Node_657,Node_1615,M
Node_657,Node_3589,O
Node_657,Node_3859,O
Node_659,Node_2707,E
Node_660,Node_1633,O
Node_661,Node_3573,O
Node_662,Node_1215,star
Node_664,Node_1369,A
Node_665,Node_1561,R
Node_666,Node_3206,O
Node_667,Node_1161,A
Node_668,Node_2715,R
Root,Node_669,O
Node_669,Node_4389,M
Node_670,Node_2387,M
Node_671,Node_2768,star
Root,Node_672,O
Node_672,Node_2275,O
Node_672,Node_2020,O
Node_673,Node_2113,M
Node_673,Node_3729,M
Node_674,Node_4950,M
Node_675,Node_3714,M
Node_676,Node_1115,E
Node_677,Node_3476,M
Node_678,Node_1112,R
Node_678,Node_2037,O
Node_678,Node_977,O
Node_679,Node_4955,star
Node_681,Node_4828,M
Node_682,Node_2791,R
Node_683,Node_2189,R
Node_683,Node_4817,O
Root,Node_684,O
Node_684,Node_1790,O
Node_684,Node_1661,O
Node_685,Node_4317,M
Root,Node_686,O
Node_686,Node_4826,O
Node_686,Node_3030,O
Node_687,Node_3011,R
Node_687,Node_2921,A
Node_688,Node_2372,M
Node_690,Node_2188,star
Node_691,Node_3039,O
Node_692,Node_2909,star
Node_693,Node_3222,star
Node_693,Node_2226,star
Node_694,Node_3332,R
Node_694,Node_4403,E
Node_695,Node_3818,O
Node_696,Node_4583,M
Node_697,Node_743,M
Node_697,Node_1327,M
Node_698,Node_1725,R
Node_698,Node_1838,O
Node_699,Node_2762,A
Node_700,Node_2041,star
Node_701,Node_4247,A
Node_701,Node_4556,A
Node_702,Node_1186,O
Node_703,Node_2685,E
Node_703,Node_4650,M
Node_704,Node_4370,M
Node_705,Node_3600,A
Node_705,Node_2328,A
Node_705,Node_2349,A
Node_706,Node_775,M
Node_707,Node_1254,E
Node_708,Node_3268,O
Node_709,Node_4447,E
Node_709,Node_2946,O
Node_710,Node_2184,R
Node_710,Node_3433,O
Node_711,Node_1262,M
Node_711,Node_3475,M
Root,Node_712,O
Root,Node_713,O
Node_713,Node_3961,E
Node_713,Node_1856,M
Node_714,Node_2157,E
Node_715,Node_2450,R
Node_715,Node_2745,M
Node_715,Node_4597,O
Node_716,Node_1774,M
Node_717,Node_1882,star
Node_718,Node_3756,M
Node_719,Node_1466,star
Root,Node_720,O
Node_720,Node_4050,star
Node_721,Node_1896,M
Node_722,Node_1870,M
Node_723,Node_3307,A
Node_724,Node_3023,E
Node_724,Node_2733,M
Node_725,Node_1435,star
Node_726,Node_1361,R
Node_726,Node_4709,E
Node_727,Node_1457,O
Node_728,Node_2573,O
Node_729,Node_2846,star
Node_730,Node_2710,R
Node_731,Node_3104,E
Root,Node_732,O
Node_732,Node_2565,O
Node_733,Node_2321,M
Node_734,Node_3586,M
Node_735,Node_4416,R
Node_735,Node_3214,M
Node_735,Node_4647,O
Node_736,Node_2611,E
Node_736,Node_4358,A
Node_737,Node_2094,R
Node_737,Node_4026,O
Root,Node_738,O
Node_738,Node_1169,star
Node_739,Node_1994,A
Node_739,Node_970,A
Root,Node_740,O
Node_740,Node_1473,M
Node_742,Node_1799,M
Node_743,Node_1498,O
Node_744,Node_3625,O
Node_746,Node_1977,A
Root,Node_747,O
Node_747,Node_4393,O
Node_748,Node_3546,E
Node_749,Node_2177,E
Node_749,Node_2322,star
Node_750,Node_981,R
Node_750,Node_2114,M
Node_751,Node_4085,R
Node_753,Node_4414,O
Node_754,Node_4964,M
Node_755,Node_3492,R
Node_755,Node_4039,E
Node_756,Node_4787,E
Node_756,Node_2528,M
Node_757,Node_1813,E
Node_758,Node_4896,O
Node_759,Node_1049,O
Node_760,Node_3186,A
Node_761,Node_4468,E
Node_761,Node_3242,E
Node_761,Node_3309,star
Node_763,Node_2929,star
Node_764,Node_4937,O
Node_765,Node_2319,star
Root,Node_766,O
Node_766,Node_3803,A
Node_767,Node_2392,O
Root,Node_768,O
Node_768,Node_1666,E
Node_769,Node_1987,star
Node_770,Node_4589,star
Node_771,Node_4813,O
Node_772,Node_2323,A
Node_774,Node_2183,E
Node_775,Node_891,A
Node_776,Node_4417,A
Root,Node_777,O
Node_777,Node_4045,E
Node_778,Node_1553,A
Node_779,Node_894,A
Node_780,Node_1320,M
Node_781,Node_3359,R
Node_781,Node_2867,R
Node_781,Node_4782,E
Node_782,Node_1387,O
Node_783,Node_2540,M
Root,Node_784,O
Node_784,Node_916,star
Node_784,Node_2327,star
Node_785,Node_1892,star
Node_786,Node_1925,M
Node_787,Node_4004,A
Root,Node_788,O
Node_788,Node_866,O
Node_789,Node_3554,R
Node_789,Node_2075,A
Node_790,Node_2693,M
Node_791,Node_1916,O
Node_793,Node_2502,star
Node_794,Node_3139,O
Node_795,Node_1393,A
Node_796,Node_2954,A
Node_797,Node_3570,star
Node_799,Node_1594,A
Node_801,Node_4651,A
Root,Node_802,O
Node_803,Node_4428,O
Node_804,Node_2612,M
Node_805,Node_3971,A
Node_806,Node_3686,star
Node_807,Node_2217,A
Root,Node_808,O
Node_808,Node_1081,A
Node_808,Node_3724,A
Node_809,Node_2172,O
Node_810,Node_2895,E
Node_810,Node_893,E
Node_811,Node_3347,O
Node_812,Node_1339,M
Node_814,Node_2103,star
Node_815,Node_3064,O
Node_816,Node_1841,A
Node_817,Node_2882,M
Root,Node_819,O
Node_819,Node_4256,M
Node_820,Node_1531,star
Node_821,Node_2345,M
Node_822,Node_1177,R
Node_824,Node_1872,R
Node_824,Node_4685,O
Node_824,Node_3796,E
Node_824,Node_4751,E
Node_825,Node_1999,M
Root,Node_826,O
Node_826,Node_3177,M
Node_827,Node_3235,A
Node_828,Node_1881,E
Node_829,Node_2022,M
Node_830,Node_3661,E
Root,Node_831,O
Node_832,Node_2085,A
Node_833,Node_3644,A
Node_834,Node_3978,A
Node_836,Node_4312,A
Node_837,Node_1066,E
Node_837,Node_3098,E
Node_837,Node_3035,star
Node_837,Node_4836,star
Node_838,Node_1045,M
Node_839,Node_4690,R
Node_840,Node_1534,E
Node_840,Node_3833,O
Node_840,Node_2185,R
Node_841,Node_1128,star
Node_841,Node_1228,star
Root,Node_842,O
Node_842,Node_1913,A
Node_843,Node_1516,M
Node_844,Node_4548,R
Node_845,Node_983,A
Node_846,Node_1574,R
Node_846,Node_4450,E
Node_847,Node_3505,R
Node_847,Node_4193,R
Node_848,Node_3773,O
Node_849,Node_3459,star
Node_850,Node_1412,M
Node_850,Node_2063,M
Root,Node_851,O
Node_851,Node_3610,E
Node_851,Node_1421,O
Node_852,Node_4184,M
Node_852,Node_4018,M
Node_853,Node_3311,R
Node_853,Node_2334,M
Node_853,Node_3617,A
Node_854,Node_2931,O
Node_856,Node_1274,R
Node_856,Node_2564,R
Node_857,Node_1765,M
Node_858,Node_1515,R
Node_858,Node_2477,star
Root,Node_859,O
Node_860,Node_1511,M
Node_861,Node_1869,O
Node_862,Node_3378,star
Node_863,Node_2030,A
Node_865,Node_1899,star
Node_866,Node_3151,M
Node_867,Node_1792,R
Node_867,Node_2981,star
Root,Node_868,O
Node_869,Node_1163,M
Node_870,Node_1572,M
Node_871,Node_4178,M
Root,Node_872,O
Node_872,Node_3669,E
Node_872,Node_1550,E
Node_873,Node_1080,star
Node_874,Node_1290,A
Node_875,Node_1526,R
Node_875,Node_3703,R
Node_875,Node_2131,M
Node_876,Node_971,M
Node_878,Node_2411,R
Node_879,Node_3436,A
Root,Node_880,O
Node_880,Node_2671,R
Node_881,Node_4246,R
Node_882,Node_1625,star
Node_883,Node_1514,A
Node_884,Node_3919,R
Node_884,Node_2495,E
Node_885,Node_2949,O
Node_886,Node_3175,A
Node_887,Node_3410,E
Node_888,Node_4401,M
Node_889,Node_4560,star
Node_890,Node_4946,star
Node_891,Node_1958,M
Node_893,Node_1998,M
Node_894,Node_1145,star
Node_894,Node_3270,star
Root,Node_895,O
Node_896,Node_1322,O
Node_897,Node_2993,O
Node_898,Node_1314,star
Node_900,Node_3294,E
Node_901,Node_4554,O
Node_902,Node_1325,M
Node_903,Node_4330,M
Node_905,Node_4684,O
Node_906,Node_2490,A
Node_907,Node_2292,star
Node_908,Node_1975,A
Node_909,Node_2725,E
Node_910,Node_1807,A
Node_911,Node_4461,M
Node_913,Node_2026,star
Node_914,Node_4883,star
Node_916,Node_968,R
Node_917,Node_4745,O
Node_917,Node_3067,O
Node_918,Node_1818,R
Node_918,Node_4953,M
Node_918,Node_1935,star
Node_919,Node_2702,M
Node_921,Node_2823,E
Root,Node_922,O
Node_922,Node_4912,M
Node_923,Node_4433,R
Node_923,Node_3780,M
Node_926,Node_3944,M
Node_927,Node_1826,O
Node_928,Node_3454,A
Node_929,Node_2684,star
Node_931,Node_1875,star
Node_932,Node_4673,A
Root,Node_933,O
Node_934,Node_1929,R
Node_935,Node_1048,O
Node_935,Node_2641,O
Node_937,Node_1911,E
Node_938,Node_3426,R
Node_939,Node_1446,star
Node_940,Node_976,O
Node_941,Node_2107,A
Node_942,Node_3136,M
Node_943,Node_3148,M
Node_944,Node_3396,A
Node_945,Node_4830,star
Node_946,Node_3666,A
Node_947,Node_3607,E
Node_949,Node_3950,R
Node_950,Node_2519,E
Node_950,Node_2923,O
Node_951,Node_4997,M
Root,Node_952,O
Node_952,Node_4058,star
Node_953,Node_2021,E
Node_953,Node_4474,A
Node_954,Node_4420,E
Node_954,Node_3358,O
Node_954,Node_1356,O
Node_954,Node_4908,R
Node_956,Node_1190,M
Node_957,Node_2305,A
Node_958,Node_3916,O
Node_958,Node_4780,O
Node_960,Node_2324,O
Node_961,Node_2554,R
Root,Node_962,O
Node_962,Node_3755,O
Node_962,Node_2592,O
Node_963,Node_4792,M
Node_964,Node_2386,O
Node_965,Node_2761,E
Node_966,Node_2252,O
Node_967,Node_3131,E
Node_967,Node_3001,star
Node_969,Node_2214,star
Node_971,Node_2151,A
Node_973,Node_2607,R
Node_975,Node_1979,E
Node_975,Node_4990,star
Node_976,Node_2315,A
Node_977,Node_1402,R
Node_977,Node_2893,O
Node_978,Node_3969,A
Node_979,Node_1224,O
Node_980,Node_1759,E
Node_980,Node_1782,O
Node_981,Node_1604,A
Node_982,Node_2904,O
Node_983,Node_2610,star
Root,Node_984,O
Node_984,Node_3850,O
Node_985,Node_2148,A
Node_986,Node_2593,M
Node_988,Node_3517,A
Node_990,Node_2208,O
Node_991,Node_3997,O
Root,Node_992,O
Node_992,Node_4429,A
Node_993,Node_3829,R
Node_993,Node_1405,M
Node_993,Node_4944,O
Node_994,Node_1326,M
Node_995,Node_1776,E
Node_996,Node_2139,M
Node_997,Node_3817,R
Node_998,Node_1530,star
Node_999,Node_2110,star
Root,Node_1000,O
Node_1000,Node_1431,M
Root,Node_1001,O
Node_1002,Node_1839,R
Node_1002,Node_4537,E
Node_1003,Node_1103,E
Node_1004,Node_3229,O
Node_1004,Node_2809,O
Node_1005,Node_2161,R
Node_1005,Node_3059,A
Node_1006,Node_4764,E
Node_1007,Node_4296,M
Node_1009,Node_3957,M
Node_1013,Node_3091,star
Root,Node_1014,O
Node_1014,Node_1050,M
Node_1015,Node_3815,star
Node_1016,Node_1976,R
Root,Node_1017,O
Node_1017,Node_2770,E
Node_1020,Node_1877,R
Node_1021,Node_2577,M
Node_1022,Node_4488,star
Node_1024,Node_4781,M
Root,Node_1026,O
Node_1026,Node_4442,star
Node_1027,Node_4504,A
Node_1027,Node_3240,A
Node_1028,Node_1902,A
Node_1029,Node_3339,R
Root,Node_1030,O
Node_1030,Node_2869,M
Node_1034,Node_2587,star
Node_1035,Node_4851,A
Node_1036,Node_4188,E
Node_1036,Node_1607,A
Node_1038,Node_3398,R
Node_1038,Node_2193,star
Root,Node_1042,O
Node_1042,Node_4903,M
Node_1043,Node_4082,star
Node_1045,Node_4316,A
Node_1046,Node_4949,M
Node_1047,Node_2251,O
Node_1047,Node_2361,O
Node_1049,Node_2091,A
Node_1050,Node_1546,star
Node_1051,Node_4498,E
Node_1052,Node_3238,E
Node_1053,Node_3485,star
Node_1055,Node_4092,M
Node_1056,Node_2001,R
Node_1056,Node_2897,E
Node_1057,Node_4125,star
Node_1058,Node_2960,E
Node_1058,Node_3706,R
Node_1060,Node_2261,M
Node_1061,Node_4233,R
Node_1062,Node_3036,R
Node_1062,Node_3883,E
Node_1064,Node_4692,E
Node_1064,Node_4970,E
Root,Node_1065,O
Node_1067,Node_1329,O
Node_1068,Node_2054,O
Node_1070,Node_2742,star
Node_1071,Node_2282,O
Node_1071,Node_1157,O
Node_1072,Node_2835,R
Root,Node_1073,O
Node_1073,Node_3265,O
Node_1074,Node_3451,A
Node_1076,Node_4547,M
Node_1077,Node_2635,M
Node_1079,Node_4603,M
Node_1080,Node_3142,R
Node_1080,Node_4343,E
Node_1080,Node_4795,E
Node_1081,Node_1358,A
Node_1082,Node_1234,A
Node_1083,Node_4643,A
Node_1084,Node_3509,O
Node_1085,Node_3042,A
Node_1086,Node_4394,E
Node_1087,Node_4220,star
Node_1088,Node_4097,R
Node_1088,Node_2499,R
Node_1088,Node_3772,O
Node_1089,Node_1372,M
Node_1090,Node_1768,O
Node_1091,Node_3742,E
Node_1091,Node_3237,M
Node_1092,Node_4326,M
Node_1094,Node_3881,star
Root,Node_1095,O
Node_1095,Node_2418,E
Node_1097,Node_2402,O
Node_1097,Node_3552,O
Node_1099,Node_4628,R
Node_1100,Node_2571,M
Node_1101,Node_4146,R
Node_1104,Node_2732,A
Node_1106,Node_4228,star
Node_1107,Node_3215,star
Node_1109,Node_3544,A
Root,Node_1110,O
Node_1110,Node_4620,E
Node_1110,Node_3984,M
Node_1110,Node_3591,star
Node_1111,Node_1276,O
Node_1112,Node_4056,star
Node_1113,Node_4205,M
Node_1114,Node_2023,O
Node_1115,Node_1937,A
Node_1115,Node_2986,A
Node_1118,Node_4306,star
Root,Node_1120,O
Node_1121,Node_3403,R
Node_1122,Node_4130,E
Node_1122,Node_2868,A
Node_1123,Node_2648,A
Node_1126,Node_4878,M
Node_1127,Node_3341,M
Node_1128,Node_3257,E
Node_1129,Node_4136,star
Node_1130,Node_2639,star
Node_1132,Node_1804,M
Node_1133,Node_2466,E
Node_1133,Node_2948,star
Node_1134,Node_1198,A
Root,Node_1135,O
Node_1139,Node_1990,O
Node_1142,Node_1243,A
Node_1146,Node_3799,E
Node_1146,Node_4362,E
Node_1146,Node_3138,star
Node_1148,Node_2369,star
Node_1152,Node_2623,A
Node_1153,Node_4519,M
Node_1157,Node_4415,E
Node_1158,Node_3256,R
Node_1159,Node_2811,E
Node_1159,Node_2335,E
Node_1159,Node_4991,A
Node_1160,Node_1898,E
Node_1160,Node_1846,star
Node_1161,Node_2947,O
Node_1163,Node_3374,M
Root,Node_1165,O
Node_1166,Node_3383,A
Node_1167,Node_2718,star
Node_1167,Node_2605,star
Node_1168,Node_3752,M
Node_1170,Node_3711,M
Node_1171,Node_3065,star
Node_1175,Node_4281,R
Node_1175,Node_3847,star
Root,Node_1176,O
Node_1176,Node_2330,M
Node_1177,Node_3566,star
Node_1182,Node_3246,M
Node_1185,Node_1748,M
Node_1186,Node_2936,star
Node_1187,Node_4285,E
Node_1188,Node_2524,O
Node_1188,Node_3277,O
Root,Node_1191,O
Node_1192,Node_2973,star
Node_1194,Node_1306,star
Root,Node_1197,O
Node_1199,Node_1218,M
Node_1199,Node_2144,M
Node_1199,Node_3279,M
Node_1200,Node_4606,star
Node_1203,Node_3146,O
Node_1204,Node_2966,O
Node_1205,Node_1413,R
Node_1205,Node_4477,R
Node_1205,Node_1376,E
Node_1207,Node_4009,R
Node_1208,Node_1589,O
Node_1209,Node_4197,M
Node_1210,Node_4811,E
Node_1210,Node_3660,O
Node_1211,Node_3520,star
Root,Node_1212,O
Node_1212,Node_3843,star
Node_1214,Node_2736,star
Node_1216,Node_1761,star
Node_1217,Node_1942,A
Node_1220,Node_2615,E
Node_1221,Node_1680,R
Node_1222,Node_2299,R
Node_1222,Node_1888,R
Node_1223,Node_4275,A
Node_1224,Node_4000,star
Node_1226,Node_4273,A
Node_1228,Node_4986,A
Node_1229,Node_1269,A
Node_1230,Node_4267,E
Node_1232,Node_4221,R
Node_1233,Node_2081,O
Node_1234,Node_3312,E
Node_1237,Node_4171,O
Node_1238,Node_4020,O
Node_1240,Node_2461,R
Node_1242,Node_2340,star
Node_1247,Node_1650,M
Node_1248,Node_4452,O
Node_1252,Node_3038,A
Node_1253,Node_2498,R
Node_1255,Node_2642,star
Node_1256,Node_1985,E
Node_1259,Node_4853,star
Node_1260,Node_1670,A
Node_1262,Node_4244,R
Node_1264,Node_1918,O
Root,Node_1265,O
Node_1265,Node_2763,M
Node_1266,Node_1949,O
Node_1268,Node_3496,O
Node_1269,Node_3120,E
Node_1270,Node_2622,R
Node_1270,Node_1855,R
Node_1272,Node_4657,R
Node_1276,Node_3649,E
Node_1277,Node_2567,M
Node_1278,Node_1811,M
Node_1279,Node_4292,R
Node_1280,Node_1787,star
Node_1280,Node_2848,star
Node_1284,Node_1362,E
Node_1287,Node_4410,O
Node_1291,Node_4630,M
Node_1292,Node_2914,E
Node_1294,Node_1884,M
Node_1297,Node_1669,M
Node_1298,Node_3832,E
Node_1298,Node_3513,E
Node_1298,Node_4002,M
Node_1299,Node_2156,M
Root,Node_1300,O
Node_1302,Node_2785,R
Node_1303,Node_2277,O
Node_1306,Node_4892,A
Node_1307,Node_4980,O
Node_1309,Node_4263,O
Node_1310,Node_3740,O
Node_1311,Node_2937,star
Node_1312,Node_1699,M
Node_1313,Node_2459,M
Node_1317,Node_3606,star
Node_1318,Node_4542,star
Node_1327,Node_4422,A
Node_1328,Node_4825,M
Node_1329,Node_2106,M
Node_1330,Node_3622,O
Node_1331,Node_3524,star
Node_1334,Node_3838,A
Node_1334,Node_1461,A
Node_1335,Node_1375,M
Node_1336,Node_1524,M
Node_1337,Node_3147,E
Node_1337,Node_3468,E
Node_1339,Node_2493,R
Node_1339,Node_2588,O
Node_1340,Node_3094,E
Node_1341,Node_3738,O
Node_1344,Node_3958,E
Node_1345,Node_2729,M
Node_1347,Node_4203,star
Node_1349,Node_2196,E
Node_1350,Node_3072,R
Node_1351,Node_1663,star
Node_1353,Node_2968,star
Node_1354,Node_4995,O
Node_1355,Node_4515,E
Node_1357,Node_3597,R
Node_1362,Node_4402,M
Node_1363,Node_4063,E
Node_1364,Node_1609,O
Node_1366,Node_1549,M
Node_1367,Node_3809,R
Node_1369,Node_3415,A
Node_1370,Node_3992,A
Node_1371,Node_1583,O
Node_1372,Node_4952,E
Node_1374,Node_4932,star
Node_1375,Node_3002,R
Node_1376,Node_1709,O
Node_1378,Node_1996,E
Node_1378,Node_3118,M
Node_1379,Node_3521,star
Node_1383,Node_4549,R
Node_1384,Node_3525,R
Node_1385,Node_4722,A
Node_1385,Node_4041,A
Node_1387,Node_4321,M
Node_1388,Node_3231,O
Node_1391,Node_3184,M
Node_1395,Node_1794,R
Node_1396,Node_4824,star
Node_1398,Node_3366,O
Node_1400,Node_3346,R
Node_1400,Node_2978,E
Node_1402,Node_4334,M
Node_1402,Node_3556,M
Node_1403,Node_1501,star
Node_1405,Node_3446,M
Node_1406,Node_4271,star
Node_1407,Node_2500,M
Node_1409,Node_2497,E
Node_1409,Node_4486,R
Node_1409,Node_3434,R
Node_1411,Node_4469,star
Node_1412,Node_1965,A
Node_1414,Node_1819,star
Node_1415,Node_2187,O
Node_1416,Node_1747,O
Node_1417,Node_4672,E
Node_1418,Node_2799,O
Node_1419,Node_4254,O
Node_1420,Node_4665,M
Node_1421,Node_4730,O
Node_1423,Node_2408,star
Node_1424,Node_2873,O
Node_1426,Node_4186,R
Node_1426,Node_2089,E
Node_1427,Node_4511,A
Node_1427,Node_4699,A
Node_1428,Node_2744,E
Node_1429,Node_3816,star
Node_1432,Node_2271,R
Node_1434,Node_4409,M
Node_1435,Node_1551,E
Node_1436,Node_3946,R
Node_1438,Node_4431,O
Node_1440,Node_3010,E
Node_1441,Node_2300,M
Node_1442,Node_3127,O
Node_1443,Node_4212,R
Node_1444,Node_1960,E
Node_1444,Node_4030,O
Node_1445,Node_3407,M
Node_1446,Node_2028,A
Node_1449,Node_4327,E
Node_1451,Node_3965,A
Node_1451,Node_4743,A
Node_1453,Node_3199,E
Node_1454,Node_2463,R
Node_1458,Node_1722,O
Node_1459,Node_4378,O
Root,Node_1460,O
Node_1461,Node_3541,E
Node_1462,Node_4398,A
Node_1465,Node_3250,A
Node_1465,Node_4150,A
Node_1468,Node_2174,M
Node_1472,Node_4557,R
Node_1474,Node_2336,O
Root,Node_1478,O
Node_1478,Node_2376,E
Node_1479,Node_4376,E
Node_1481,Node_3596,star
Node_1490,Node_2912,E
Root,Node_1493,O
Node_1493,Node_3668,O
Node_1495,Node_2629,O
Node_1496,Node_3405,R
Node_1502,Node_2925,E
Node_1502,Node_1822,O
Node_1506,Node_4664,star
Node_1508,Node_2003,A
Node_1512,Node_3248,star
Node_1514,Node_4942,star
Node_1515,Node_1593,E
Node_1516,Node_2551,R
Node_1516,Node_4702,E
Node_1519,Node_3938,M
Node_1519,Node_1621,M
Node_1522,Node_4176,M
Node_1523,Node_2686,O
Node_1529,Node_4835,star
Node_1532,Node_1817,E
Node_1538,Node_2810,E
Node_1539,Node_4261,R
Node_1540,Node_2879,A
Node_1541,Node_3269,star
Node_1542,Node_2585,O
Node_1543,Node_4048,A
Node_1546,Node_4831,A
Node_1552,Node_4773,A
Node_1553,Node_2452,O
Node_1554,Node_4669,M
Node_1555,Node_1903,star
Node_1559,Node_2004,A
Root,Node_1562,O
Node_1566,Node_2470,O
Node_1566,Node_2815,O
Node_1567,Node_1685,R
Node_1573,Node_4458,O
Node_1575,Node_2192,E
Root,Node_1576,O
Root,Node_1581,O
Node_1581,Node_4693,star
Node_1583,Node_2691,R
Node_1584,Node_2934,R
Node_1584,Node_1895,star
Node_1586,Node_2624,R
Root,Node_1587,O
Node_1590,Node_4054,A
Node_1591,Node_2688,A
Node_1593,Node_2645,R
Node_1593,Node_4406,star
Node_1594,Node_3109,O
Node_1595,Node_4521,A
Node_1596,Node_3187,E
Node_1598,Node_2664,M
Node_1601,Node_2152,A
Node_1604,Node_2901,A
Node_1605,Node_2967,A
Node_1607,Node_1636,M
Node_1608,Node_2806,E
Node_1613,Node_2025,E
Node_1613,Node_4789,E
Node_1617,Node_4913,O
Node_1623,Node_2917,O
Node_1626,Node_2569,R
Node_1627,Node_1887,R
Root,Node_1630,O
Node_1631,Node_4446,R
Node_1632,Node_4282,star
Node_1636,Node_4121,O
Root,Node_1637,O
Root,Node_1638,O
Node_1639,Node_3890,star
Node_1640,Node_3084,R
Node_1641,Node_2977,A
Node_1645,Node_4300,R
Node_1646,Node_3171,E
Node_1647,Node_3837,R
Node_1649,Node_4604,star
Node_1653,Node_2462,R
Root,Node_1654,O
Node_1654,Node_3194,star
Node_1656,Node_2961,O
Node_1657,Node_3283,A
Node_1658,Node_2790,star
Node_1659,Node_3652,A
Node_1660,Node_4677,A
Node_1660,Node_2314,A
Node_1661,Node_3070,O
Node_1661,Node_4909,O
Node_1662,Node_4304,M
Node_1664,Node_3555,R
Node_1665,Node_3504,A
Node_1667,Node_2694,E
Node_1668,Node_2024,O
Node_1668,Node_1777,O
Root,Node_1671,O
Node_1673,Node_3941,star
Node_1674,Node_3979,A
Root,Node_1675,O
Node_1679,Node_4681,E
Node_1683,Node_3085,E
Node_1684,Node_1900,A
Node_1685,Node_3331,star
Node_1688,Node_1717,O
Node_1689,Node_2667,star
Node_1690,Node_4866,star
Node_1691,Node_2234,R
Node_1697,Node_4222,O
Node_1698,Node_4905,R
Node_1701,Node_3543,star
Node_1703,Node_2839,M
Node_1707,Node_2422,star
Node_1707,Node_4066,star
Node_1710,Node_4829,E
Node_1710,Node_3592,A
Node_1713,Node_2017,star
Node_1715,Node_3469,A
Node_1716,Node_3343,M
Node_1720,Node_4890,M
Node_1722,Node_4103,R
Node_1722,Node_4395,E
Node_1725,Node_3049,star
Node_1732,Node_3404,R
Node_1735,Node_3479,M
Node_1739,Node_4559,O
Node_1742,Node_4888,O
Node_1743,Node_3350,R
Node_1744,Node_3536,M
Node_1745,Node_3105,O
Node_1749,Node_2959,A
Node_1750,Node_3355,E
Root,Node_1752,O
Node_1753,Node_3050,M
Node_1755,Node_2505,star
Node_1760,Node_3255,M
Node_1762,Node_2883,R
Root,Node_1764,O
Node_1768,Node_3160,A
Node_1769,Node_4235,star
Node_1775,Node_2123,R
Node_1776,Node_2039,O
Node_1777,Node_3280,A
Node_1781,Node_2530,M
Root,Node_1783,O
Node_1783,Node_3352,R
Node_1784,Node_3774,O
Node_1788,Node_3017,star
Node_1791,Node_4772,M
Node_1792,Node_2668,E
Node_1794,Node_3361,star
Node_1797,Node_1878,A
Node_1798,Node_2812,O
Node_1799,Node_2892,A
Node_1801,Node_3363,O
Node_1802,Node_2205,E
Node_1804,Node_3365,E
Node_1805,Node_2533,A
Node_1808,Node_3244,R
Node_1808,Node_2175,M
Node_1813,Node_4284,O
Node_1820,Node_1995,A
Node_1822,Node_2764,M
Node_1826,Node_4776,R
Root,Node_1828,O
Node_1833,Node_3106,star
Node_1840,Node_3418,star
Node_1845,Node_2241,O
Node_1849,Node_2210,R
Node_1850,Node_3563,M
Node_1853,Node_3044,A
Root,Node_1857,O
Node_1859,Node_2243,O
Root,Node_1860,O
Node_1860,Node_4112,O
Node_1864,Node_4117,A
Node_1869,Node_2955,O
Node_1871,Node_1954,O
Node_1872,Node_2425,M
Node_1875,Node_2604,M
Node_1878,Node_2971,star
Node_1881,Node_3934,M
Node_1887,Node_2529,star
Node_1888,Node_4113,O
Node_1892,Node_4418,R
Node_1904,Node_4419,A
Node_1909,Node_3873,A
Node_1910,Node_2501,E
Node_1913,Node_2119,E
Node_1919,Node_4074,O
Node_1923,Node_2120,star
Node_1926,Node_2945,E
Node_1930,Node_2907,E
Node_1932,Node_4210,M
Node_1934,Node_3336,star
Node_1942,Node_4528,E
Root,Node_1943,O
Node_1945,Node_2012,R
Root,Node_1946,O
Node_1948,Node_2410,A
Node_1953,Node_3510,E
Node_1958,Node_2223,E
Node_1964,Node_4439,A
Node_1971,Node_3632,M
Node_1972,Node_3737,star
Root,Node_1978,O
Node_1983,Node_2983,O
Node_1992,Node_3480,M
Node_2007,Node_2513,O
Node_2014,Node_3727,E
Node_2017,Node_2738,O
Node_2020,Node_4837,O
Node_2027,Node_4555,O
Node_2039,Node_2098,O
Node_2051,Node_2632,star
Node_2056,Node_2356,O
Node_2058,Node_2365,E
Node_2060,Node_2514,E
Node_2080,Node_4151,R
Node_2082,Node_3333,star
Node_2083,Node_3540,E
Node_2092,Node_2709,M
Node_2098,Node_2887,A
Node_2103,Node_2746,O
Node_2104,Node_3857,O
Node_2121,Node_4927,O
Node_2139,Node_2924,R
Node_2141,Node_2601,A
Node_2144,Node_3058,M
Node_2145,Node_3797,M
Node_2150,Node_2581,star
Node_2158,Node_2373,star
Node_2160,Node_2992,R
Node_2166,Node_3791,A
Node_2181,Node_4920,R
Node_2182,Node_4688,E
Node_2187,Node_2232,R
Node_2190,Node_4785,O
Node_2193,Node_3996,O
Node_2194,Node_2630,E
Root,Node_2202,O
Node_2202,Node_3681,A
Node_2203,Node_2294,star
Node_2205,Node_3657,O
Node_2211,Node_4522,O
Node_2216,Node_3287,M
Node_2227,Node_2548,E
Node_2232,Node_3373,M
Node_2234,Node_4172,O
Node_2235,Node_4232,M
Node_2240,Node_2399,O
Node_2241,Node_3375,M
Node_2250,Node_2779,M
Node_2262,Node_4847,E
Node_2263,Node_3765,star
Node_2270,Node_2437,E
Node_2273,Node_3688,O
Node_2282,Node_3411,O
Node_2283,Node_3033,O
Node_2306,Node_4309,star
Node_2314,Node_3739,E
Node_2317,Node_2566,M
Node_2322,Node_3665,M
Node_2337,Node_3432,A
Node_2346,Node_4609,star
Node_2377,Node_3930,star
Node_2379,Node_2876,M
Node_2387,Node_3728,A
Node_2389,Node_4638,M
Node_2391,Node_4015,R
Node_2396,Node_3986,A
Node_2397,Node_3041,O
Node_2403,Node_3217,M
Node_2407,Node_3766,E
Node_2408,Node_2943,M
Node_2411,Node_3338,R
Node_2411,Node_2795,E
Node_2412,Node_4177,star
Node_2414,Node_3905,R
Node_2420,Node_3113,A
Node_2423,Node_4155,O
Node_2428,Node_2827,star
Node_2430,Node_4708,M
Root,Node_2439,O
Node_2443,Node_4936,M
Node_2443,Node_3354,M
Root,Node_2444,O
Node_2444,Node_4636,E
Node_2445,Node_2549,A
Node_2457,Node_3431,O
Node_2463,Node_4153,A
Node_2494,Node_4535,star
Node_2501,Node_2666,E
Node_2518,Node_3440,A
Node_2519,Node_2614,E
Node_2535,Node_3973,M
Node_2537,Node_3337,R
Node_2547,Node_3849,R
Node_2569,Node_3933,R
Root,Node_2572,O
Node_2572,Node_3205,M
Node_2576,Node_4231,E
Node_2576,Node_4297,A
Root,Node_2578,O
Node_2585,Node_3516,R
Node_2593,Node_3845,star
Node_2601,Node_3990,O
Node_2616,Node_3987,E
Node_2659,Node_4737,R
Node_2666,Node_3605,star
Node_2678,Node_4509,star
Node_2716,Node_3025,star
Node_2725,Node_3263,E
Node_2729,Node_4579,A
Node_2773,Node_3135,A
Node_2780,Node_3786,A
Node_2788,Node_3192,O
Node_2791,Node_3631,star
Node_2793,Node_2865,A
Node_2806,Node_3993,star
Node_2812,Node_4139,E
Node_2813,Node_3976,star
Node_2815,Node_4147,O
Node_2858,Node_3225,E
Node_2863,Node_3964,A
Node_2869,Node_3628,M
Node_2922,Node_4658,O
Node_2924,Node_4352,O
Node_2942,Node_3367,A
Node_2968,Node_4301,R
Node_2983,Node_4810,R
Root,Node_2989,O
Node_3005,Node_3836,A
Node_3076,Node_4639,A
Node_3081,Node_4168,R
Node_3097,Node_4917,O
Node_3169,Node_3416,O
Root,Node_3182,O
Node_3191,Node_4869,R
Node_3213,Node_3594,R
Node_3238,Node_4166,R
Root,Node_3443,O
Node_3453,Node_3579,A
Root,Node_3745,O
Root,Node_3792,O
Node_3984,Node_4108,E
Root,Node_4143,O
Node_4257,Node_4545,R
Node_4352,Node_4802,R
Node_4368,Node_4808,O
Node_4757,Node_4860,A
